Processing esp32-s3-devkitc-1-n16r8v (platform: espressif32@6.13.0; board: esp32-s3-devkitc-1-n16r8v; framework: arduino)
--------------------------------------------------------------------------------
Verbose mode can be enabled via `-v, --verbose` option
CONFIGURATION: https://docs.platformio.org/page/boards/espressif32/esp32-s3-devkitc-1-n16r8v.html
PLATFORM: Espressif 32 (6.13.0) > Espressif ESP32-S3-DevKitC-1-N16R8V (16 MB QD, 8MB PSRAM)
HARDWARE: ESP32S3 240MHz, 320KB RAM, 16MB Flash
DEBUG: Current (esp-builtin) On-board (esp-builtin) External (cmsis-dap, esp-bridge, esp-prog, iot-bus-jtag, jlink, minimodule, olimex-arm-usb-ocd, olimex-arm-usb-ocd-h, olimex-arm-usb-tiny-h, olimex-jtag-tiny, tumpa)
PACKAGES: 
 - framework-arduinoespressif32 @ 3.20017.241212+sha.dcc1105b 
 - tool-esptoolpy @ 2.41100.260830 (4.11.0) 
 - toolchain-riscv32-esp @ 8.4.0+2021r2-patch5 
 - toolchain-xtensa-esp32s3 @ 8.4.0+2021r2-patch5
LDF: Library Dependency Finder -> https://bit.ly/configure-pio-ldf
LDF Modes: Finder ~ deep, Compatibility ~ soft
Found 42 compatible libraries
Scanning dependencies...
Dependency Graph
|-- FS @ 2.0.0
|-- WiFi @ 2.0.0
|-- SD @ 2.0.0
|-- AsyncTCP @ 3.5.0
|-- ESPAsyncWebServer @ 3.12.0
|-- ArduinoJson @ 7.4.3
|-- AnimatedGIF @ 2.2.3
|-- LovyanGFX @ 1.2.28
|-- Ai Esp32 Rotary Encoder @ 1.7.0
|-- ESP32-audioI2S @ 2.3.0
|-- Adafruit NeoPixel @ 1.15.5
|-- HTTPClient @ 2.0.0
|-- WiFiClientSecure @ 2.0.0
|-- ToFan-project-1_inferencing @ 1.0.7
|-- Wire @ 2.0.0
|-- Preferences @ 2.0.0
|-- SPI @ 2.0.0
|-- DNSServer @ 2.0.0
|-- ESPmDNS @ 2.0.0
|-- Update @ 2.0.0
Building in release mode
Compiling .pio\build\esp32-s3-devkitc-1-n16r8v\src\app\AppCoordinator.cpp.o
Compiling .pio\build\esp32-s3-devkitc-1-n16r8v\src\app\Application.cpp.o
Compiling .pio\build\esp32-s3-devkitc-1-n16r8v\src\app\InputController.cpp.o
Compiling .pio\build\esp32-s3-devkitc-1-n16r8v\src\audio\SoundManager.cpp.o
Compiling .pio\build\esp32-s3-devkitc-1-n16r8v\src\display\DisplayManager.cpp.o
Compiling .pio\build\esp32-s3-devkitc-1-n16r8v\src\display\MediaPlayback.cpp.o
Compiling .pio\build\esp32-s3-devkitc-1-n16r8v\src\hardware\HardwareManager.cpp.o
Compiling .pio\build\esp32-s3-devkitc-1-n16r8v\src\network\Network.cpp.o
Compiling .pio\build\esp32-s3-devkitc-1-n16r8v\src\storage\FileManager.cpp.o
Archiving .pio\build\esp32-s3-devkitc-1-n16r8v\libab2\libSPI.a
Indexing .pio\build\esp32-s3-devkitc-1-n16r8v\libab2\libSPI.a
Archiving .pio\build\esp32-s3-devkitc-1-n16r8v\libb58\libSD.a
Indexing .pio\build\esp32-s3-devkitc-1-n16r8v\libb58\libSD.a
Archiving .pio\build\esp32-s3-devkitc-1-n16r8v\libdae\libAsyncTCP.a
pio.exe : In file included from .pio/libdeps/esp32-s3-devkitc-1-n16r8v/ToFan-project-1_inferencing/src/edge-impulse-sdk/dsp/memory.hpp:38,
At line:2 char:1
+ & C:\Users\nonam\.platformio\penv\Scripts\pio.exe run -e esp32-s3-dev ...
+ ~~~~~~~~~~~~~~~~~~~~~~~~~~~~~~~~~~~~~~~~~~~~~~~~~~~~~~~~~~~~~~~~~~~~~
    + CategoryInfo          : NotSpecified: (In file include.../memory.hpp:38,:String) [], RemoteException
    + FullyQualifiedErrorId : NativeCommandError
 
                 from .pio/libdeps/esp32-s3-devkitc-1-n16r8v/ToFan-project-1_inferencing/src/edge-impulse-sdk/dsp/ei_alloc.h:34,
                 from .pio/libdeps/esp32-s3-devkitc-1-n16r8v/ToFan-project-1_inferencing/src/edge-impulse-sdk/dsp/ei_vector.h:34,
                 from .pio/libdeps/esp32-s3-devkitc-1-n16r8v/ToFan-project-1_inferencing/src/edge-impulse-sdk/dsp/numpy_types.h:40,
                 from .pio/libdeps/esp32-s3-devkitc-1-n16r8v/ToFan-project-1_inferencing/src/edge-impulse-sdk/classifier/ei_classifier_types.h:41,
                 from .pio/libdeps/esp32-s3-devkitc-1-n16r8v/ToFan-project-1_inferencing/src/edge-impulse-sdk/classifier/ei_model_types.h:40,
                 from .pio/libdeps/esp32-s3-devkitc-1-n16r8v/ToFan-project-1_inferencing/src/edge-impulse-sdk/classifier/ei_run_classifier.h:38,
                 from .pio/libdeps/esp32-s3-devkitc-1-n16r8v/ToFan-project-1_inferencing/src/ToFan-project-1_inferencing.h:49,
                 from src/audio/SoundManager.cpp:8:
.pio/libdeps/esp32-s3-devkitc-1-n16r8v/ToFan-project-1_inferencing/src/edge-impulse-sdk/dsp/../porting/ei_classifier_porting.h:310: warning: 
"EI_PORTING_ARDUINO" redefined
 #define EI_PORTING_ARDUINO        0
 
.pio/libdeps/esp32-s3-devkitc-1-n16r8v/ToFan-project-1_inferencing/src/edge-impulse-sdk/dsp/../porting/ei_classifier_porting.h:279: note: this is the 
location of the previous definition
 #define EI_PORTING_ARDUINO      1
 
Indexing .pio\build\esp32-s3-devkitc-1-n16r8v\libdae\libAsyncTCP.a
Compiling .pio\build\esp32-s3-devkitc-1-n16r8v\liba30\ESPAsyncWebServer\AsyncWebServerRequest.cpp.o
Compiling .pio\build\esp32-s3-devkitc-1-n16r8v\liba30\ESPAsyncWebServer\AsyncWebSocket.cpp.o
src/display/DisplayManager.cpp: In member function 'void DisplayManager::drawHomeMenu(bool)':
src/display/DisplayManager.cpp:191:40: warning: 'size_t lgfx::v1::LGFXBase::drawString(const char*, int32_t, int32_t, uint8_t)' is deprecated: use IFont 
[-Wdeprecated-declarations]
             spr.drawString("?", x, y, 4);
                                        ^
In file included from .pio/libdeps/esp32-s3-devkitc-1-n16r8v/LovyanGFX/src/lgfx/v1_init.hpp:27,
                 from .pio/libdeps/esp32-s3-devkitc-1-n16r8v/LovyanGFX/src/LovyanGFX.hpp:25,
                 from src/display/../hardware/DisplayDevice.hpp:6,
                 from src/display/DisplayManager.hpp:5,
                 from src/display/DisplayManager.cpp:2:
.pio/libdeps/esp32-s3-devkitc-1-n16r8v/LovyanGFX/src/lgfx/v1/LGFXBase.hpp:718:19: note: declared here
     inline size_t drawString(const char *string, int32_t x, int32_t y, uint8_t      font) { return draw_string(string, x, y, _text_style.datum, 
fontdata[font]); }
                   ^~~~~~~~~~
src/display/DisplayManager.cpp:203:53: warning: 'size_t lgfx::v1::LGFXBase::drawString(const char*, int32_t, int32_t, uint8_t)' is deprecated: use IFont 
[-Wdeprecated-declarations]
             spr.drawString(menus[i], centerX, 225, 2);
                                                     ^
In file included from .pio/libdeps/esp32-s3-devkitc-1-n16r8v/LovyanGFX/src/lgfx/v1_init.hpp:27,
                 from .pio/libdeps/esp32-s3-devkitc-1-n16r8v/LovyanGFX/src/LovyanGFX.hpp:25,
                 from src/display/../hardware/DisplayDevice.hpp:6,
                 from src/display/DisplayManager.hpp:5,
                 from src/display/DisplayManager.cpp:2:
.pio/libdeps/esp32-s3-devkitc-1-n16r8v/LovyanGFX/src/lgfx/v1/LGFXBase.hpp:718:19: note: declared here
     inline size_t drawString(const char *string, int32_t x, int32_t y, uint8_t      font) { return draw_string(string, x, y, _text_style.datum, 
fontdata[font]); }
                   ^~~~~~~~~~
src/display/DisplayManager.cpp: In member function 'void DisplayManager::drawMusicPlayer(String, int, bool, bool)':
src/display/DisplayManager.cpp:245:51: warning: 'size_t lgfx::v1::LGFXBase::drawString(const String&, int32_t, int32_t, uint8_t)' is deprecated: use IFont 
[-Wdeprecated-declarations]
     spr.drawString(songName, tft.width()/2, 135, 2); // \u0e0a\u0e37\u0e48\u0e2d\u0e40\u0e1e\u0e25\u0e07 
(\u0e1f\u0e2d\u0e19\u0e15\u0e4c\u0e02\u0e19\u0e32\u0e14 2)
                                                   ^
In file included from .pio/libdeps/esp32-s3-devkitc-1-n16r8v/LovyanGFX/src/lgfx/v1_init.hpp:27,
                 from .pio/libdeps/esp32-s3-devkitc-1-n16r8v/LovyanGFX/src/LovyanGFX.hpp:25,
                 from src/display/../hardware/DisplayDevice.hpp:6,
                 from src/display/DisplayManager.hpp:5,
                 from src/display/DisplayManager.cpp:2:
.pio/libdeps/esp32-s3-devkitc-1-n16r8v/LovyanGFX/src/lgfx/v1/LGFXBase.hpp:748:19: note: declared here
     inline size_t drawString(const String& string, int32_t x, int32_t y, uint8_t      font) { return draw_string(string.c_str(), x, y, _text_style.datum, 
fontdata[font]); }
                   ^~~~~~~~~~
src/display/DisplayManager.cpp:261:58: warning: 'size_t lgfx::v1::LGFXBase::drawString(const String&, int32_t, int32_t, uint8_t)' is deprecated: use IFont 
[-Wdeprecated-declarations]
     spr.drawString(String(curTimeStr), bx - 12, by + 3, 1);
                                                          ^
In file included from .pio/libdeps/esp32-s3-devkitc-1-n16r8v/LovyanGFX/src/lgfx/v1_init.hpp:27,
                 from .pio/libdeps/esp32-s3-devkitc-1-n16r8v/LovyanGFX/src/LovyanGFX.hpp:25,
                 from src/display/../hardware/DisplayDevice.hpp:6,
                 from src/display/DisplayManager.hpp:5,
                 from src/display/DisplayManager.cpp:2:
.pio/libdeps/esp32-s3-devkitc-1-n16r8v/LovyanGFX/src/lgfx/v1/LGFXBase.hpp:748:19: note: declared here
     inline size_t drawString(const String& string, int32_t x, int32_t y, uint8_t      font) { return draw_string(string.c_str(), x, y, _text_style.datum, 
fontdata[font]); }
                   ^~~~~~~~~~
src/display/DisplayManager.cpp:265:65: warning: 'size_t lgfx::v1::LGFXBase::drawString(const String&, int32_t, int32_t, uint8_t)' is deprecated: use IFont 
[-Wdeprecated-declarations]
     spr.drawString(String(totTimeStr), bx + barW + 12, by + 3, 1);
                                                                 ^
In file included from .pio/libdeps/esp32-s3-devkitc-1-n16r8v/LovyanGFX/src/lgfx/v1_init.hpp:27,
                 from .pio/libdeps/esp32-s3-devkitc-1-n16r8v/LovyanGFX/src/LovyanGFX.hpp:25,
                 from src/display/../hardware/DisplayDevice.hpp:6,
                 from src/display/DisplayManager.hpp:5,
                 from src/display/DisplayManager.cpp:2:
.pio/libdeps/esp32-s3-devkitc-1-n16r8v/LovyanGFX/src/lgfx/v1/LGFXBase.hpp:748:19: note: declared here
     inline size_t drawString(const String& string, int32_t x, int32_t y, uint8_t      font) { return draw_string(string.c_str(), x, y, _text_style.datum, 
fontdata[font]); }
                   ^~~~~~~~~~
src/display/DisplayManager.cpp:293:64: warning: 'size_t lgfx::v1::LGFXBase::drawString(const String&, int32_t, int32_t, uint8_t)' is deprecated: use IFont 
[-Wdeprecated-declarations]
         spr.drawString(icons[i], cx + btnW/2, ctrlY + btnH/2, 2);
                                                                ^
In file included from .pio/libdeps/esp32-s3-devkitc-1-n16r8v/LovyanGFX/src/lgfx/v1_init.hpp:27,
                 from .pio/libdeps/esp32-s3-devkitc-1-n16r8v/LovyanGFX/src/LovyanGFX.hpp:25,
                 from src/display/../hardware/DisplayDevice.hpp:6,
                 from src/display/DisplayManager.hpp:5,
                 from src/display/DisplayManager.cpp:2:
.pio/libdeps/esp32-s3-devkitc-1-n16r8v/LovyanGFX/src/lgfx/v1/LGFXBase.hpp:748:19: note: declared here
     inline size_t drawString(const String& string, int32_t x, int32_t y, uint8_t      font) { return draw_string(string.c_str(), x, y, _text_style.datum, 
fontdata[font]); }
                   ^~~~~~~~~~
src/display/DisplayManager.cpp: In member function 'void DisplayManager::drawPopupNoMusic(bool)':
src/display/DisplayManager.cpp:318:63: warning: 'size_t lgfx::v1::LGFXBase::drawString(const char*, int32_t, int32_t, uint8_t)' is deprecated: use IFont 
[-Wdeprecated-declarations]
     spr.drawString("No Music on SD", tft.width()/2, by + 30, 2);
                                                               ^
In file included from .pio/libdeps/esp32-s3-devkitc-1-n16r8v/LovyanGFX/src/lgfx/v1_init.hpp:27,
                 from .pio/libdeps/esp32-s3-devkitc-1-n16r8v/LovyanGFX/src/LovyanGFX.hpp:25,
                 from src/display/../hardware/DisplayDevice.hpp:6,
                 from src/display/DisplayManager.hpp:5,
                 from src/display/DisplayManager.cpp:2:
.pio/libdeps/esp32-s3-devkitc-1-n16r8v/LovyanGFX/src/lgfx/v1/LGFXBase.hpp:718:19: note: declared here
     inline size_t drawString(const char *string, int32_t x, int32_t y, uint8_t      font) { return draw_string(string, x, y, _text_style.datum, 
fontdata[font]); }
                   ^~~~~~~~~~
src/display/DisplayManager.cpp:319:66: warning: 'size_t lgfx::v1::LGFXBase::drawString(const char*, int32_t, int32_t, uint8_t)' is deprecated: use IFont 
[-Wdeprecated-declarations]
     spr.drawString("Switch to Online?", tft.width()/2, by + 50, 1);
                                                                  ^
In file included from .pio/libdeps/esp32-s3-devkitc-1-n16r8v/LovyanGFX/src/lgfx/v1_init.hpp:27,
                 from .pio/libdeps/esp32-s3-devkitc-1-n16r8v/LovyanGFX/src/LovyanGFX.hpp:25,
                 from src/display/../hardware/DisplayDevice.hpp:6,
                 from src/display/DisplayManager.hpp:5,
                 from src/display/DisplayManager.cpp:2:
.pio/libdeps/esp32-s3-devkitc-1-n16r8v/LovyanGFX/src/lgfx/v1/LGFXBase.hpp:718:19: note: declared here
     inline size_t drawString(const char *string, int32_t x, int32_t y, uint8_t      font) { return draw_string(string, x, y, _text_style.datum, 
fontdata[font]); }
                   ^~~~~~~~~~
src/display/DisplayManager.cpp:333:61: warning: 'size_t lgfx::v1::LGFXBase::drawString(const char*, int32_t, int32_t, uint8_t)' is deprecated: use IFont 
[-Wdeprecated-declarations]
     spr.drawString("Yes", bx + 20 + btnW/2, yBtn + btnH/2, 2);
                                                             ^
In file included from .pio/libdeps/esp32-s3-devkitc-1-n16r8v/LovyanGFX/src/lgfx/v1_init.hpp:27,
                 from .pio/libdeps/esp32-s3-devkitc-1-n16r8v/LovyanGFX/src/LovyanGFX.hpp:25,
                 from src/display/../hardware/DisplayDevice.hpp:6,
                 from src/display/DisplayManager.hpp:5,
                 from src/display/DisplayManager.cpp:2:
.pio/libdeps/esp32-s3-devkitc-1-n16r8v/LovyanGFX/src/lgfx/v1/LGFXBase.hpp:718:19: note: declared here
     inline size_t drawString(const char *string, int32_t x, int32_t y, uint8_t      font) { return draw_string(string, x, y, _text_style.datum, 
fontdata[font]); }
                   ^~~~~~~~~~
src/display/DisplayManager.cpp:343:67: warning: 'size_t lgfx::v1::LGFXBase::drawString(const char*, int32_t, int32_t, uint8_t)' is deprecated: use IFont 
[-Wdeprecated-declarations]
     spr.drawString("No", bx + boxW - 20 - btnW/2, yBtn + btnH/2, 2);
                                                                   ^
In file included from .pio/libdeps/esp32-s3-devkitc-1-n16r8v/LovyanGFX/src/lgfx/v1_init.hpp:27,
                 from .pio/libdeps/esp32-s3-devkitc-1-n16r8v/LovyanGFX/src/LovyanGFX.hpp:25,
                 from src/display/../hardware/DisplayDevice.hpp:6,
                 from src/display/DisplayManager.hpp:5,
                 from src/display/DisplayManager.cpp:2:
.pio/libdeps/esp32-s3-devkitc-1-n16r8v/LovyanGFX/src/lgfx/v1/LGFXBase.hpp:718:19: note: declared here
     inline size_t drawString(const char *string, int32_t x, int32_t y, uint8_t      font) { return draw_string(string, x, y, _text_style.datum, 
fontdata[font]); }
                   ^~~~~~~~~~
src/display/DisplayManager.cpp: In member function 'void DisplayManager::drawOnlineMusicPlayer(bool)':
src/display/DisplayManager.cpp:361:48: warning: 'size_t lgfx::v1::LGFXBase::drawString(const char*, int32_t, int32_t, uint8_t)' is deprecated: use IFont 
[-Wdeprecated-declarations]
     spr.drawString("ONLINE STREAMING", 15, 8, 2);
                                                ^
In file included from .pio/libdeps/esp32-s3-devkitc-1-n16r8v/LovyanGFX/src/lgfx/v1_init.hpp:27,
                 from .pio/libdeps/esp32-s3-devkitc-1-n16r8v/LovyanGFX/src/LovyanGFX.hpp:25,
                 from src/display/../hardware/DisplayDevice.hpp:6,
                 from src/display/DisplayManager.hpp:5,
                 from src/display/DisplayManager.cpp:2:
.pio/libdeps/esp32-s3-devkitc-1-n16r8v/LovyanGFX/src/lgfx/v1/LGFXBase.hpp:718:19: note: declared here
     inline size_t drawString(const char *string, int32_t x, int32_t y, uint8_t      font) { return draw_string(string, x, y, _text_style.datum, 
fontdata[font]); }
                   ^~~~~~~~~~
src/display/DisplayManager.cpp:374:61: warning: 'size_t lgfx::v1::LGFXBase::drawString(const char*, int32_t, int32_t, uint8_t)' is deprecated: use IFont 
[-Wdeprecated-declarations]
     spr.drawString("\u266a", tft.width()/2, artY + artSize/2, 4);
                                                             ^
In file included from .pio/libdeps/esp32-s3-devkitc-1-n16r8v/LovyanGFX/src/lgfx/v1_init.hpp:27,
                 from .pio/libdeps/esp32-s3-devkitc-1-n16r8v/LovyanGFX/src/LovyanGFX.hpp:25,
                 from src/display/../hardware/DisplayDevice.hpp:6,
                 from src/display/DisplayManager.hpp:5,
                 from src/display/DisplayManager.cpp:2:
.pio/libdeps/esp32-s3-devkitc-1-n16r8v/LovyanGFX/src/lgfx/v1/LGFXBase.hpp:718:19: note: declared here
     inline size_t drawString(const char *string, int32_t x, int32_t y, uint8_t      font) { return draw_string(string, x, y, _text_style.datum, 
fontdata[font]); }
                   ^~~~~~~~~~
src/display/DisplayManager.cpp:382:48: warning: 'size_t lgfx::v1::LGFXBase::drawString(const String&, int32_t, int32_t, uint8_t)' is deprecated: use IFont 
[-Wdeprecated-declarations]
     spr.drawString(title, tft.width()/2, 125, 2);
                                                ^
In file included from .pio/libdeps/esp32-s3-devkitc-1-n16r8v/LovyanGFX/src/lgfx/v1_init.hpp:27,
                 from .pio/libdeps/esp32-s3-devkitc-1-n16r8v/LovyanGFX/src/LovyanGFX.hpp:25,
                 from src/display/../hardware/DisplayDevice.hpp:6,
                 from src/display/DisplayManager.hpp:5,
                 from src/display/DisplayManager.cpp:2:
.pio/libdeps/esp32-s3-devkitc-1-n16r8v/LovyanGFX/src/lgfx/v1/LGFXBase.hpp:748:19: note: declared here
     inline size_t drawString(const String& string, int32_t x, int32_t y, uint8_t      font) { return draw_string(string.c_str(), x, y, _text_style.datum, 
fontdata[font]); }
                   ^~~~~~~~~~
src/display/DisplayManager.cpp:385:56: warning: 'size_t lgfx::v1::LGFXBase::drawString(const char*, int32_t, int32_t, uint8_t)' is deprecated: use IFont 
[-Wdeprecated-declarations]
     spr.drawString("Live Stream", tft.width()/2, 145, 1);
                                                        ^
In file included from .pio/libdeps/esp32-s3-devkitc-1-n16r8v/LovyanGFX/src/lgfx/v1_init.hpp:27,
                 from .pio/libdeps/esp32-s3-devkitc-1-n16r8v/LovyanGFX/src/LovyanGFX.hpp:25,
                 from src/display/../hardware/DisplayDevice.hpp:6,
                 from src/display/DisplayManager.hpp:5,
                 from src/display/DisplayManager.cpp:2:
.pio/libdeps/esp32-s3-devkitc-1-n16r8v/LovyanGFX/src/lgfx/v1/LGFXBase.hpp:718:19: note: declared here
     inline size_t drawString(const char *string, int32_t x, int32_t y, uint8_t      font) { return draw_string(string, x, y, _text_style.datum, 
fontdata[font]); }
                   ^~~~~~~~~~
Compiling .pio\build\esp32-s3-devkitc-1-n16r8v\liba30\ESPAsyncWebServer\BackPort_SHA1Builder.cpp.o
src/display/DisplayManager.cpp: In member function 'void DisplayManager::drawMusicList(bool)':
src/display/DisplayManager.cpp:524:51: warning: 'size_t lgfx::v1::LGFXBase::drawString(const char*, int32_t, int32_t, uint8_t)' is deprecated: use IFont 
[-Wdeprecated-declarations]
     spr.drawString("Playlist (SD Card)", 10, 10, 2);
                                                   ^
In file included from .pio/libdeps/esp32-s3-devkitc-1-n16r8v/LovyanGFX/src/lgfx/v1_init.hpp:27,
                 from .pio/libdeps/esp32-s3-devkitc-1-n16r8v/LovyanGFX/src/LovyanGFX.hpp:25,
                 from src/display/../hardware/DisplayDevice.hpp:6,
                 from src/display/DisplayManager.hpp:5,
                 from src/display/DisplayManager.cpp:2:
.pio/libdeps/esp32-s3-devkitc-1-n16r8v/LovyanGFX/src/lgfx/v1/LGFXBase.hpp:718:19: note: declared here
     inline size_t drawString(const char *string, int32_t x, int32_t y, uint8_t      font) { return draw_string(string, x, y, _text_style.datum, 
fontdata[font]); }
                   ^~~~~~~~~~
src/display/DisplayManager.cpp:532:74: warning: 'size_t lgfx::v1::LGFXBase::drawString(const char*, int32_t, int32_t, uint8_t)' is deprecated: use IFont 
[-Wdeprecated-declarations]
         spr.drawString("No Music Found", tft.width()/2, tft.height()/2, 2);
                                                                          ^
In file included from .pio/libdeps/esp32-s3-devkitc-1-n16r8v/LovyanGFX/src/lgfx/v1_init.hpp:27,
                 from .pio/libdeps/esp32-s3-devkitc-1-n16r8v/LovyanGFX/src/LovyanGFX.hpp:25,
                 from src/display/../hardware/DisplayDevice.hpp:6,
                 from src/display/DisplayManager.hpp:5,
                 from src/display/DisplayManager.cpp:2:
.pio/libdeps/esp32-s3-devkitc-1-n16r8v/LovyanGFX/src/lgfx/v1/LGFXBase.hpp:718:19: note: declared here
     inline size_t drawString(const char *string, int32_t x, int32_t y, uint8_t      font) { return draw_string(string, x, y, _text_style.datum, 
fontdata[font]); }
                   ^~~~~~~~~~
src/display/DisplayManager.cpp:557:61: warning: 'size_t lgfx::v1::LGFXBase::drawString(const String&, int32_t, int32_t, uint8_t)' is deprecated: use IFont 
[-Wdeprecated-declarations]
             spr.drawString(displayName, 15, y + (itemH/2), 2);
                                                             ^
In file included from .pio/libdeps/esp32-s3-devkitc-1-n16r8v/LovyanGFX/src/lgfx/v1_init.hpp:27,
                 from .pio/libdeps/esp32-s3-devkitc-1-n16r8v/LovyanGFX/src/LovyanGFX.hpp:25,
                 from src/display/../hardware/DisplayDevice.hpp:6,
                 from src/display/DisplayManager.hpp:5,
                 from src/display/DisplayManager.cpp:2:
.pio/libdeps/esp32-s3-devkitc-1-n16r8v/LovyanGFX/src/lgfx/v1/LGFXBase.hpp:748:19: note: declared here
     inline size_t drawString(const String& string, int32_t x, int32_t y, uint8_t      font) { return draw_string(string.c_str(), x, y, _text_style.datum, 
fontdata[font]); }
                   ^~~~~~~~~~
src/display/DisplayManager.cpp: In member function 'void DisplayManager::drawImageList(bool)':
src/display/DisplayManager.cpp:618:46: warning: 'size_t lgfx::v1::LGFXBase::drawString(const char*, int32_t, int32_t, uint8_t)' is deprecated: use IFont 
[-Wdeprecated-declarations]
     spr.drawString("Pictures List", 10, 10, 2);
                                              ^
In file included from .pio/libdeps/esp32-s3-devkitc-1-n16r8v/LovyanGFX/src/lgfx/v1_init.hpp:27,
                 from .pio/libdeps/esp32-s3-devkitc-1-n16r8v/LovyanGFX/src/LovyanGFX.hpp:25,
                 from src/display/../hardware/DisplayDevice.hpp:6,
                 from src/display/DisplayManager.hpp:5,
                 from src/display/DisplayManager.cpp:2:
.pio/libdeps/esp32-s3-devkitc-1-n16r8v/LovyanGFX/src/lgfx/v1/LGFXBase.hpp:718:19: note: declared here
     inline size_t drawString(const char *string, int32_t x, int32_t y, uint8_t      font) { return draw_string(string, x, y, _text_style.datum, 
fontdata[font]); }
                   ^~~~~~~~~~
src/display/DisplayManager.cpp:626:75: warning: 'size_t lgfx::v1::LGFXBase::drawString(const char*, int32_t, int32_t, uint8_t)' is deprecated: use IFont 
[-Wdeprecated-declarations]
         spr.drawString("No Images Found", tft.width()/2, tft.height()/2, 2);
                                                                           ^
In file included from .pio/libdeps/esp32-s3-devkitc-1-n16r8v/LovyanGFX/src/lgfx/v1_init.hpp:27,
                 from .pio/libdeps/esp32-s3-devkitc-1-n16r8v/LovyanGFX/src/LovyanGFX.hpp:25,
                 from src/display/../hardware/DisplayDevice.hpp:6,
                 from src/display/DisplayManager.hpp:5,
                 from src/display/DisplayManager.cpp:2:
.pio/libdeps/esp32-s3-devkitc-1-n16r8v/LovyanGFX/src/lgfx/v1/LGFXBase.hpp:718:19: note: declared here
     inline size_t drawString(const char *string, int32_t x, int32_t y, uint8_t      font) { return draw_string(string, x, y, _text_style.datum, 
fontdata[font]); }
                   ^~~~~~~~~~
src/display/DisplayManager.cpp:650:61: warning: 'size_t lgfx::v1::LGFXBase::drawString(const String&, int32_t, int32_t, uint8_t)' is deprecated: use IFont 
[-Wdeprecated-declarations]
             spr.drawString(displayName, 15, y + (itemH/2), 2);
                                                             ^
In file included from .pio/libdeps/esp32-s3-devkitc-1-n16r8v/LovyanGFX/src/lgfx/v1_init.hpp:27,
                 from .pio/libdeps/esp32-s3-devkitc-1-n16r8v/LovyanGFX/src/LovyanGFX.hpp:25,
                 from src/display/../hardware/DisplayDevice.hpp:6,
                 from src/display/DisplayManager.hpp:5,
                 from src/display/DisplayManager.cpp:2:
.pio/libdeps/esp32-s3-devkitc-1-n16r8v/LovyanGFX/src/lgfx/v1/LGFXBase.hpp:748:19: note: declared here
     inline size_t drawString(const String& string, int32_t x, int32_t y, uint8_t      font) { return draw_string(string.c_str(), x, y, _text_style.datum, 
fontdata[font]); }
                   ^~~~~~~~~~
src/display/DisplayManager.cpp: In member function 'void DisplayManager::drawSettings(bool)':
src/display/DisplayManager.cpp:671:41: warning: 'size_t lgfx::v1::LGFXBase::drawString(const char*, int32_t, int32_t, uint8_t)' is deprecated: use IFont 
[-Wdeprecated-declarations]
     spr.drawString("Settings", 10, 10, 2);
                                         ^
In file included from .pio/libdeps/esp32-s3-devkitc-1-n16r8v/LovyanGFX/src/lgfx/v1_init.hpp:27,
                 from .pio/libdeps/esp32-s3-devkitc-1-n16r8v/LovyanGFX/src/LovyanGFX.hpp:25,
                 from src/display/../hardware/DisplayDevice.hpp:6,
                 from src/display/DisplayManager.hpp:5,
                 from src/display/DisplayManager.cpp:2:
.pio/libdeps/esp32-s3-devkitc-1-n16r8v/LovyanGFX/src/lgfx/v1/LGFXBase.hpp:718:19: note: declared here
     inline size_t drawString(const char *string, int32_t x, int32_t y, uint8_t      font) { return draw_string(string, x, y, _text_style.datum, 
fontdata[font]); }
                   ^~~~~~~~~~
src/display/DisplayManager.cpp:693:54: warning: 'size_t lgfx::v1::LGFXBase::drawString(const String&, int32_t, int32_t, uint8_t)' is deprecated: use IFont 
[-Wdeprecated-declarations]
         spr.drawString(items[i], 15, y + (itemH/2), 2);
                                                      ^
In file included from .pio/libdeps/esp32-s3-devkitc-1-n16r8v/LovyanGFX/src/lgfx/v1_init.hpp:27,
                 from .pio/libdeps/esp32-s3-devkitc-1-n16r8v/LovyanGFX/src/LovyanGFX.hpp:25,
                 from src/display/../hardware/DisplayDevice.hpp:6,
                 from src/display/DisplayManager.hpp:5,
                 from src/display/DisplayManager.cpp:2:
.pio/libdeps/esp32-s3-devkitc-1-n16r8v/LovyanGFX/src/lgfx/v1/LGFXBase.hpp:748:19: note: declared here
     inline size_t drawString(const String& string, int32_t x, int32_t y, uint8_t      font) { return draw_string(string.c_str(), x, y, _text_style.datum, 
fontdata[font]); }
                   ^~~~~~~~~~
src/display/DisplayManager.cpp: In member function 'void DisplayManager::debug()':
src/display/DisplayManager.cpp:903:45: warning: 'size_t lgfx::v1::LGFXBase::drawString(const char*, int32_t, int32_t, uint8_t)' is deprecated: use IFont 
[-Wdeprecated-declarations]
     spr.drawString("HARDWARE DEBUG", 5, 5, 2);
                                             ^
In file included from .pio/libdeps/esp32-s3-devkitc-1-n16r8v/LovyanGFX/src/lgfx/v1_init.hpp:27,
                 from .pio/libdeps/esp32-s3-devkitc-1-n16r8v/LovyanGFX/src/LovyanGFX.hpp:25,
Compiling .pio\build\esp32-s3-devkitc-1-n16r8v\liba30\ESPAsyncWebServer\ChunkPrint.cpp.o
                 from src/display/../hardware/DisplayDevice.hpp:6,
                 from src/display/DisplayManager.hpp:5,
                 from src/display/DisplayManager.cpp:2:
.pio/libdeps/esp32-s3-devkitc-1-n16r8v/LovyanGFX/src/lgfx/v1/LGFXBase.hpp:718:19: note: declared here
     inline size_t drawString(const char *string, int32_t x, int32_t y, uint8_t      font) { return draw_string(string, x, y, _text_style.datum, 
fontdata[font]); }
                   ^~~~~~~~~~
src/display/DisplayManager.cpp:919:40: warning: 'size_t lgfx::v1::LGFXBase::drawString(const char*, int32_t, int32_t, uint8_t)' is deprecated: use IFont 
[-Wdeprecated-declarations]
     spr.drawString(memoryInfo, 5, 28, 1);
                                        ^
In file included from .pio/libdeps/esp32-s3-devkitc-1-n16r8v/LovyanGFX/src/lgfx/v1_init.hpp:27,
                 from .pio/libdeps/esp32-s3-devkitc-1-n16r8v/LovyanGFX/src/LovyanGFX.hpp:25,
                 from src/display/../hardware/DisplayDevice.hpp:6,
                 from src/display/DisplayManager.hpp:5,
                 from src/display/DisplayManager.cpp:2:
.pio/libdeps/esp32-s3-devkitc-1-n16r8v/LovyanGFX/src/lgfx/v1/LGFXBase.hpp:718:19: note: declared here
     inline size_t drawString(const char *string, int32_t x, int32_t y, uint8_t      font) { return draw_string(string, x, y, _text_style.datum, 
fontdata[font]); }
                   ^~~~~~~~~~
src/display/DisplayManager.cpp:924:40: warning: 'size_t lgfx::v1::LGFXBase::drawString(const char*, int32_t, int32_t, uint8_t)' is deprecated: use IFont 
[-Wdeprecated-declarations]
     spr.drawString(memoryInfo, 5, 41, 1);
                                        ^
In file included from .pio/libdeps/esp32-s3-devkitc-1-n16r8v/LovyanGFX/src/lgfx/v1_init.hpp:27,
                 from .pio/libdeps/esp32-s3-devkitc-1-n16r8v/LovyanGFX/src/LovyanGFX.hpp:25,
                 from src/display/../hardware/DisplayDevice.hpp:6,
                 from src/display/DisplayManager.hpp:5,
                 from src/display/DisplayManager.cpp:2:
.pio/libdeps/esp32-s3-devkitc-1-n16r8v/LovyanGFX/src/lgfx/v1/LGFXBase.hpp:718:19: note: declared here
     inline size_t drawString(const char *string, int32_t x, int32_t y, uint8_t      font) { return draw_string(string, x, y, _text_style.datum, 
fontdata[font]); }
                   ^~~~~~~~~~
src/display/DisplayManager.cpp:976:45: warning: 'size_t lgfx::v1::LGFXBase::drawString(const String&, int32_t, int32_t, uint8_t)' is deprecated: use IFont 
[-Wdeprecated-declarations]
         spr.drawString(dev.name, 25, yPos, 1);
                                             ^
In file included from .pio/libdeps/esp32-s3-devkitc-1-n16r8v/LovyanGFX/src/lgfx/v1_init.hpp:27,
                 from .pio/libdeps/esp32-s3-devkitc-1-n16r8v/LovyanGFX/src/LovyanGFX.hpp:25,
                 from src/display/../hardware/DisplayDevice.hpp:6,
                 from src/display/DisplayManager.hpp:5,
                 from src/display/DisplayManager.cpp:2:
.pio/libdeps/esp32-s3-devkitc-1-n16r8v/LovyanGFX/src/lgfx/v1/LGFXBase.hpp:748:19: note: declared here
     inline size_t drawString(const String& string, int32_t x, int32_t y, uint8_t      font) { return draw_string(string.c_str(), x, y, _text_style.datum, 
fontdata[font]); }
                   ^~~~~~~~~~
src/display/DisplayManager.cpp:981:59: warning: 'size_t lgfx::v1::LGFXBase::drawString(const String&, int32_t, int32_t, uint8_t)' is deprecated: use IFont 
[-Wdeprecated-declarations]
         spr.drawString(statusStr, tft.width() - 5, yPos, 1);
                                                           ^
In file included from .pio/libdeps/esp32-s3-devkitc-1-n16r8v/LovyanGFX/src/lgfx/v1_init.hpp:27,
                 from .pio/libdeps/esp32-s3-devkitc-1-n16r8v/LovyanGFX/src/LovyanGFX.hpp:25,
                 from src/display/../hardware/DisplayDevice.hpp:6,
                 from src/display/DisplayManager.hpp:5,
                 from src/display/DisplayManager.cpp:2:
.pio/libdeps/esp32-s3-devkitc-1-n16r8v/LovyanGFX/src/lgfx/v1/LGFXBase.hpp:748:19: note: declared here
     inline size_t drawString(const String& string, int32_t x, int32_t y, uint8_t      font) { return draw_string(string.c_str(), x, y, _text_style.datum, 
fontdata[font]); }
                   ^~~~~~~~~~
src/display/DisplayManager.cpp:985:53: warning: 'size_t lgfx::v1::LGFXBase::drawString(const String&, int32_t, int32_t, uint8_t)' is deprecated: use IFont 
[-Wdeprecated-declarations]
         spr.drawString(dev.details, 25, yPos + 12, 1);
                                                     ^
In file included from .pio/libdeps/esp32-s3-devkitc-1-n16r8v/LovyanGFX/src/lgfx/v1_init.hpp:27,
                 from .pio/libdeps/esp32-s3-devkitc-1-n16r8v/LovyanGFX/src/LovyanGFX.hpp:25,
                 from src/display/../hardware/DisplayDevice.hpp:6,
                 from src/display/DisplayManager.hpp:5,
                 from src/display/DisplayManager.cpp:2:
.pio/libdeps/esp32-s3-devkitc-1-n16r8v/LovyanGFX/src/lgfx/v1/LGFXBase.hpp:748:19: note: declared here
     inline size_t drawString(const String& string, int32_t x, int32_t y, uint8_t      font) { return draw_string(string.c_str(), x, y, _text_style.datum, 
fontdata[font]); }
                   ^~~~~~~~~~
src/display/DisplayManager.cpp:990:70: warning: 'size_t lgfx::v1::LGFXBase::drawString(const char*, int32_t, int32_t, uint8_t)' is deprecated: use IFont 
[-Wdeprecated-declarations]
     spr.drawString("Back: exit", tft.width() / 2, tft.height() - 3, 1);
                                                                      ^
In file included from .pio/libdeps/esp32-s3-devkitc-1-n16r8v/LovyanGFX/src/lgfx/v1_init.hpp:27,
                 from .pio/libdeps/esp32-s3-devkitc-1-n16r8v/LovyanGFX/src/LovyanGFX.hpp:25,
                 from src/display/../hardware/DisplayDevice.hpp:6,
                 from src/display/DisplayManager.hpp:5,
                 from src/display/DisplayManager.cpp:2:
.pio/libdeps/esp32-s3-devkitc-1-n16r8v/LovyanGFX/src/lgfx/v1/LGFXBase.hpp:718:19: note: declared here
     inline size_t drawString(const char *string, int32_t x, int32_t y, uint8_t      font) { return draw_string(string, x, y, _text_style.datum, 
fontdata[font]); }
                   ^~~~~~~~~~
src/display/DisplayManager.cpp: In member function 'void DisplayManager::recorde()':
src/display/DisplayManager.cpp:1006:61: warning: 'size_t lgfx::v1::LGFXBase::drawString(const char*, int32_t, int32_t, uint8_t)' is deprecated: use IFont 
[-Wdeprecated-declarations]
     spr.drawString("Voice Recording", tft.width() / 2, 24, 2);
                                                             ^
In file included from .pio/libdeps/esp32-s3-devkitc-1-n16r8v/LovyanGFX/src/lgfx/v1_init.hpp:27,
                 from .pio/libdeps/esp32-s3-devkitc-1-n16r8v/LovyanGFX/src/LovyanGFX.hpp:25,
                 from src/display/../hardware/DisplayDevice.hpp:6,
                 from src/display/DisplayManager.hpp:5,
                 from src/display/DisplayManager.cpp:2:
.pio/libdeps/esp32-s3-devkitc-1-n16r8v/LovyanGFX/src/lgfx/v1/LGFXBase.hpp:718:19: note: declared here
     inline size_t drawString(const char *string, int32_t x, int32_t y, uint8_t      font) { return draw_string(string, x, y, _text_style.datum, 
fontdata[font]); }
                   ^~~~~~~~~~
src/display/DisplayManager.cpp:1022:54: warning: 'size_t lgfx::v1::LGFXBase::drawString(const String&, int32_t, int32_t, uint8_t)' is deprecated: use IFont 
[-Wdeprecated-declarations]
     spr.drawString(statusText, tft.width() / 2, 56, 2);
                                                      ^
In file included from .pio/libdeps/esp32-s3-devkitc-1-n16r8v/LovyanGFX/src/lgfx/v1_init.hpp:27,
                 from .pio/libdeps/esp32-s3-devkitc-1-n16r8v/LovyanGFX/src/LovyanGFX.hpp:25,
                 from src/display/../hardware/DisplayDevice.hpp:6,
                 from src/display/DisplayManager.hpp:5,
                 from src/display/DisplayManager.cpp:2:
.pio/libdeps/esp32-s3-devkitc-1-n16r8v/LovyanGFX/src/lgfx/v1/LGFXBase.hpp:748:19: note: declared here
     inline size_t drawString(const String& string, int32_t x, int32_t y, uint8_t      font) { return draw_string(string.c_str(), x, y, _text_style.datum, 
fontdata[font]); }
                   ^~~~~~~~~~
Compiling .pio\build\esp32-s3-devkitc-1-n16r8v\liba30\ESPAsyncWebServer\Middleware.cpp.o
Compiling .pio\build\esp32-s3-devkitc-1-n16r8v\liba30\ESPAsyncWebServer\WebAuthentication.cpp.o
Compiling .pio\build\esp32-s3-devkitc-1-n16r8v\liba30\ESPAsyncWebServer\WebHandlers.cpp.o
Compiling .pio\build\esp32-s3-devkitc-1-n16r8v\liba30\ESPAsyncWebServer\WebRequest.cpp.o
Compiling .pio\build\esp32-s3-devkitc-1-n16r8v\liba30\ESPAsyncWebServer\WebResponses.cpp.o
Compiling .pio\build\esp32-s3-devkitc-1-n16r8v\liba30\ESPAsyncWebServer\WebServer.cpp.o
In file included from src/hardware/../network/Network.hpp:8,
                 from src/hardware/HardwareManager.cpp:6:
.pio/libdeps/esp32-s3-devkitc-1-n16r8v/ESPAsyncWebServer/src/ESPAsyncWebServer.h:242:92: warning: optimization attribute on 'constexpr 
WebRequestMethodComposite operator|(WebRequestMethod, WebRequestMethod)' follows definition but the attribute doesn't match [-Wattributes]
 constexpr inline WebRequestMethodComposite operator|(WebRequestMethod l, WebRequestMethod r) {
                                                                                            ^
In file included from C:/Users/nonam/.platformio/packages/framework-arduinoespressif32/tools/sdk/esp32s3/include/hal/esp32s3/include/hal/cpu_ll.h:24,
                 from C:/Users/nonam/.platformio/packages/framework-arduinoespressif32/tools/sdk/esp32s3/include/hal/include/hal/cpu_hal.h:16,
                 from C:/Users/nonam/.platformio/packages/framework-arduinoespressif32/tools/sdk/esp32s3/include/esp_hw_support/include/esp_cpu.h:14,
                 from C:/Users/nonam/.platformio/packages/framework-arduinoespressif32/tools/sdk/esp32s3/include/esp_hw_support/include/soc/cpu.h:14,
                 from C:/Users/nonam/.platformio/packages/framework-arduinoespressif32/tools/sdk/esp32s3/include/esp_hw_support/include/soc/spinlock.h:11,
                 from 
C:/Users/nonam/.platformio/packages/framework-arduinoespressif32/tools/sdk/esp32s3/include/freertos/port/xtensa/include/freertos/portmacro.h:42,
                 from C:/Users/nonam/.platformio/packages/framework-arduinoespressif32/tools/sdk/esp32s3/include/freertos/include/freertos/portable.h:51,
                 from C:/Users/nonam/.platformio/packages/framework-arduinoespressif32/tools/sdk/esp32s3/include/freertos/include/freertos/FreeRTOS.h:63,
                 from C:/Users/nonam/.platformio/packages/framework-arduinoespressif32/cores/esp32/Arduino.h:33,
                 from src/hardware/HardwareManager.hpp:4,
                 from src/hardware/HardwareManager.cpp:2:
C:/Users/nonam/.platformio/packages/framework-arduinoespressif32/tools/sdk/esp32s3/include/esp_common/include/esp_attr.h:125:34: note: previous definition of 
'constexpr spi_event_t operator|(spi_event_t, spi_event_t)' was here
 FORCE_INLINE_ATTR constexpr TYPE operator| (TYPE a, TYPE b) { return (TYPE)((INT_TYPE)a | (INT_TYPE)b); } \
                                  ^~~~~~~~
C:/Users/nonam/.platformio/packages/framework-arduinoespressif32/tools/sdk/esp32s3/include/esp_common/include/esp_attr.h:136:29: note: in expansion of macro 
'FLAG_ATTR_IMPL'
 #define FLAG_ATTR_U32(TYPE) FLAG_ATTR_IMPL(TYPE, uint32_t)
                             ^~~~~~~~~~~~~~
C:/Users/nonam/.platformio/packages/framework-arduinoespressif32/tools/sdk/esp32s3/include/esp_common/include/esp_attr.h:137:19: note: in expansion of macro 
'FLAG_ATTR_U32'
 #define FLAG_ATTR FLAG_ATTR_U32
                   ^~~~~~~~~~~~~
C:/Users/nonam/.platformio/packages/framework-arduinoespressif32/tools/sdk/esp32s3/include/hal/include/hal/spi_types.h:49:1: note: in expansion of macro 
'FLAG_ATTR'
 FLAG_ATTR(spi_event_t)
 ^~~~~~~~~
In file included from src/hardware/../network/Network.hpp:8,
                 from src/hardware/HardwareManager.cpp:6:
.pio/libdeps/esp32-s3-devkitc-1-n16r8v/ESPAsyncWebServer/src/ESPAsyncWebServer.h:242:92: warning: optimization attribute on 'constexpr 
WebRequestMethodComposite operator|(WebRequestMethod, WebRequestMethod)' follows definition but the attribute doesn't match [-Wattributes]
 constexpr inline WebRequestMethodComposite operator|(WebRequestMethod l, WebRequestMethod r) {
                                                                                            ^
In file included from C:/Users/nonam/.platformio/packages/framework-arduinoespressif32/tools/sdk/esp32s3/include/hal/esp32s3/include/hal/cpu_ll.h:24,
                 from C:/Users/nonam/.platformio/packages/framework-arduinoespressif32/tools/sdk/esp32s3/include/hal/include/hal/cpu_hal.h:16,
                 from C:/Users/nonam/.platformio/packages/framework-arduinoespressif32/tools/sdk/esp32s3/include/esp_hw_support/include/esp_cpu.h:14,
                 from C:/Users/nonam/.platformio/packages/framework-arduinoespressif32/tools/sdk/esp32s3/include/esp_hw_support/include/soc/cpu.h:14,
                 from C:/Users/nonam/.platformio/packages/framework-arduinoespressif32/tools/sdk/esp32s3/include/esp_hw_support/include/soc/spinlock.h:11,
                 from 
C:/Users/nonam/.platformio/packages/framework-arduinoespressif32/tools/sdk/esp32s3/include/freertos/port/xtensa/include/freertos/portmacro.h:42,
                 from C:/Users/nonam/.platformio/packages/framework-arduinoespressif32/tools/sdk/esp32s3/include/freertos/include/freertos/portable.h:51,
                 from C:/Users/nonam/.platformio/packages/framework-arduinoespressif32/tools/sdk/esp32s3/include/freertos/include/freertos/FreeRTOS.h:63,
                 from C:/Users/nonam/.platformio/packages/framework-arduinoespressif32/cores/esp32/Arduino.h:33,
                 from src/hardware/HardwareManager.hpp:4,
                 from src/hardware/HardwareManager.cpp:2:
C:/Users/nonam/.platformio/packages/framework-arduinoespressif32/tools/sdk/esp32s3/include/esp_common/include/esp_attr.h:125:34: note: previous definition of 
'constexpr touch_pad_intr_mask_t operator|(touch_pad_intr_mask_t, touch_pad_intr_mask_t)' was here
 FORCE_INLINE_ATTR constexpr TYPE operator| (TYPE a, TYPE b) { return (TYPE)((INT_TYPE)a | (INT_TYPE)b); } \
                                  ^~~~~~~~
C:/Users/nonam/.platformio/packages/framework-arduinoespressif32/tools/sdk/esp32s3/include/esp_common/include/esp_attr.h:136:29: note: in expansion of macro 
'FLAG_ATTR_IMPL'
 #define FLAG_ATTR_U32(TYPE) FLAG_ATTR_IMPL(TYPE, uint32_t)
                             ^~~~~~~~~~~~~~
C:/Users/nonam/.platformio/packages/framework-arduinoespressif32/tools/sdk/esp32s3/include/esp_common/include/esp_attr.h:137:19: note: in expansion of macro 
'FLAG_ATTR_U32'
 #define FLAG_ATTR FLAG_ATTR_U32
                   ^~~~~~~~~~~~~
C:/Users/nonam/.platformio/packages/framework-arduinoespressif32/tools/sdk/esp32s3/include/hal/include/hal/touch_sensor_types.h:168:1: note: in expansion of 
macro 'FLAG_ATTR'
 FLAG_ATTR(touch_pad_intr_mask_t)
 ^~~~~~~~~
Compiling .pio\build\esp32-s3-devkitc-1-n16r8v\lib583\AnimatedGIF\AnimatedGIF.cpp.o
Compiling .pio\build\esp32-s3-devkitc-1-n16r8v\lib583\AnimatedGIF\p4_transparent.S.o
Compiling .pio\build\esp32-s3-devkitc-1-n16r8v\lib583\AnimatedGIF\s3_transparent.S.o
Compiling .pio\build\esp32-s3-devkitc-1-n16r8v\libd37\Wire\Wire.cpp.o
Compiling .pio\build\esp32-s3-devkitc-1-n16r8v\lib908\Ai Esp32 Rotary Encoder\AiEsp32RotaryEncoder.cpp.o
Compiling .pio\build\esp32-s3-devkitc-1-n16r8v\lib908\Ai Esp32 Rotary Encoder\AiEsp32RotaryEncoderNumberSelector.cpp.o
Compiling .pio\build\esp32-s3-devkitc-1-n16r8v\libd55\FFat\FFat.cpp.o
Compiling .pio\build\esp32-s3-devkitc-1-n16r8v\lib717\SD_MMC\SD_MMC.cpp.o
Compiling .pio\build\esp32-s3-devkitc-1-n16r8v\lib95f\SPIFFS\SPIFFS.cpp.o
Compiling .pio\build\esp32-s3-devkitc-1-n16r8v\lib191\WiFiClientSecure\WiFiClientSecure.cpp.o
Archiving .pio\build\esp32-s3-devkitc-1-n16r8v\libd37\libWire.a
Archiving .pio\build\esp32-s3-devkitc-1-n16r8v\lib583\libAnimatedGIF.a
Compiling .pio\build\esp32-s3-devkitc-1-n16r8v\lib191\WiFiClientSecure\esp_crt_bundle.c.o
Archiving .pio\build\esp32-s3-devkitc-1-n16r8v\lib908\libAi Esp32 Rotary Encoder.a
Compiling .pio\build\esp32-s3-devkitc-1-n16r8v\lib191\WiFiClientSecure\ssl_client.cpp.o
Indexing .pio\build\esp32-s3-devkitc-1-n16r8v\lib908\libAi Esp32 Rotary Encoder.a
Indexing .pio\build\esp32-s3-devkitc-1-n16r8v\libd37\libWire.a
Indexing .pio\build\esp32-s3-devkitc-1-n16r8v\lib583\libAnimatedGIF.a
Compiling .pio\build\esp32-s3-devkitc-1-n16r8v\lib549\ESP32-audioI2S\Audio.cpp.o
Compiling .pio\build\esp32-s3-devkitc-1-n16r8v\lib549\ESP32-audioI2S\aac_decoder\aac_decoder.cpp.o
Compiling .pio\build\esp32-s3-devkitc-1-n16r8v\lib549\ESP32-audioI2S\flac_decoder\flac_decoder.cpp.o
Compiling .pio\build\esp32-s3-devkitc-1-n16r8v\lib549\ESP32-audioI2S\mp3_decoder\mp3_decoder.cpp.o
Compiling .pio\build\esp32-s3-devkitc-1-n16r8v\libae1\Adafruit NeoPixel\Adafruit_NeoPixel.cpp.o
Archiving .pio\build\esp32-s3-devkitc-1-n16r8v\libd55\libFFat.a
Compiling .pio\build\esp32-s3-devkitc-1-n16r8v\libae1\Adafruit NeoPixel\Adafruit_Neopixel_RP2.cpp.o
Compiling .pio\build\esp32-s3-devkitc-1-n16r8v\libae1\Adafruit NeoPixel\esp.c.o
Compiling .pio\build\esp32-s3-devkitc-1-n16r8v\libae1\Adafruit NeoPixel\esp8266.c.o
Compiling .pio\build\esp32-s3-devkitc-1-n16r8v\libae1\Adafruit NeoPixel\kendyte_k210.c.o
Indexing .pio\build\esp32-s3-devkitc-1-n16r8v\libd55\libFFat.a
Archiving .pio\build\esp32-s3-devkitc-1-n16r8v\lib717\libSD_MMC.a
Compiling .pio\build\esp32-s3-devkitc-1-n16r8v\libae1\Adafruit NeoPixel\psoc6.c.o
Archiving .pio\build\esp32-s3-devkitc-1-n16r8v\liba30\libESPAsyncWebServer.a
Indexing .pio\build\esp32-s3-devkitc-1-n16r8v\lib717\libSD_MMC.a
Indexing .pio\build\esp32-s3-devkitc-1-n16r8v\liba30\libESPAsyncWebServer.a
Compiling .pio\build\esp32-s3-devkitc-1-n16r8v\lib4e4\HTTPClient\HTTPClient.cpp.o
Archiving .pio\build\esp32-s3-devkitc-1-n16r8v\lib95f\libSPIFFS.a
Indexing .pio\build\esp32-s3-devkitc-1-n16r8v\lib95f\libSPIFFS.a
Compiling .pio\build\esp32-s3-devkitc-1-n16r8v\lib168\ToFan-project-1_inferencing\edge-impulse-sdk\CMSIS\DSP\Source\BasicMathFunctions\arm_abs_f16.c.o
Compiling .pio\build\esp32-s3-devkitc-1-n16r8v\lib168\ToFan-project-1_inferencing\edge-impulse-sdk\CMSIS\DSP\Source\BasicMathFunctions\arm_abs_f32.c.o
Compiling .pio\build\esp32-s3-devkitc-1-n16r8v\lib168\ToFan-project-1_inferencing\edge-impulse-sdk\CMSIS\DSP\Source\BasicMathFunctions\arm_abs_f64.c.o
Compiling .pio\build\esp32-s3-devkitc-1-n16r8v\lib168\ToFan-project-1_inferencing\edge-impulse-sdk\CMSIS\DSP\Source\BasicMathFunctions\arm_abs_q15.c.o
Compiling .pio\build\esp32-s3-devkitc-1-n16r8v\lib168\ToFan-project-1_inferencing\edge-impulse-sdk\CMSIS\DSP\Source\BasicMathFunctions\arm_abs_q31.c.o
Compiling .pio\build\esp32-s3-devkitc-1-n16r8v\lib168\ToFan-project-1_inferencing\edge-impulse-sdk\CMSIS\DSP\Source\BasicMathFunctions\arm_abs_q7.c.o
Compiling .pio\build\esp32-s3-devkitc-1-n16r8v\lib168\ToFan-project-1_inferencing\edge-impulse-sdk\CMSIS\DSP\Source\BasicMathFunctions\arm_add_f16.c.o
Compiling .pio\build\esp32-s3-devkitc-1-n16r8v\lib168\ToFan-project-1_inferencing\edge-impulse-sdk\CMSIS\DSP\Source\BasicMathFunctions\arm_add_f32.c.o
Compiling .pio\build\esp32-s3-devkitc-1-n16r8v\lib168\ToFan-project-1_inferencing\edge-impulse-sdk\CMSIS\DSP\Source\BasicMathFunctions\arm_add_f64.c.o
Compiling .pio\build\esp32-s3-devkitc-1-n16r8v\lib168\ToFan-project-1_inferencing\edge-impulse-sdk\CMSIS\DSP\Source\BasicMathFunctions\arm_add_q15.c.o
Compiling .pio\build\esp32-s3-devkitc-1-n16r8v\lib168\ToFan-project-1_inferencing\edge-impulse-sdk\CMSIS\DSP\Source\BasicMathFunctions\arm_add_q31.c.o
Compiling .pio\build\esp32-s3-devkitc-1-n16r8v\lib168\ToFan-project-1_inferencing\edge-impulse-sdk\CMSIS\DSP\Source\BasicMathFunctions\arm_add_q7.c.o
Compiling .pio\build\esp32-s3-devkitc-1-n16r8v\lib168\ToFan-project-1_inferencing\edge-impulse-sdk\CMSIS\DSP\Source\BasicMathFunctions\arm_and_u16.c.o
Compiling .pio\build\esp32-s3-devkitc-1-n16r8v\lib168\ToFan-project-1_inferencing\edge-impulse-sdk\CMSIS\DSP\Source\BasicMathFunctions\arm_and_u32.c.o
Compiling .pio\build\esp32-s3-devkitc-1-n16r8v\lib168\ToFan-project-1_inferencing\edge-impulse-sdk\CMSIS\DSP\Source\BasicMathFunctions\arm_and_u8.c.o
Archiving .pio\build\esp32-s3-devkitc-1-n16r8v\lib191\libWiFiClientSecure.a
Compiling .pio\build\esp32-s3-devkitc-1-n16r8v\lib168\ToFan-project-1_inferencing\edge-impulse-sdk\CMSIS\DSP\Source\BasicMathFunctions\arm_clip_f16.c.o
Compiling .pio\build\esp32-s3-devkitc-1-n16r8v\lib168\ToFan-project-1_inferencing\edge-impulse-sdk\CMSIS\DSP\Source\BasicMathFunctions\arm_clip_f32.c.o
Compiling .pio\build\esp32-s3-devkitc-1-n16r8v\lib168\ToFan-project-1_inferencing\edge-impulse-sdk\CMSIS\DSP\Source\BasicMathFunctions\arm_clip_q15.c.o
Compiling .pio\build\esp32-s3-devkitc-1-n16r8v\lib168\ToFan-project-1_inferencing\edge-impulse-sdk\CMSIS\DSP\Source\BasicMathFunctions\arm_clip_q31.c.o
Indexing .pio\build\esp32-s3-devkitc-1-n16r8v\lib191\libWiFiClientSecure.a
Compiling .pio\build\esp32-s3-devkitc-1-n16r8v\lib168\ToFan-project-1_inferencing\edge-impulse-sdk\CMSIS\DSP\Source\BasicMathFunctions\arm_clip_q7.c.o
Compiling .pio\build\esp32-s3-devkitc-1-n16r8v\lib168\ToFan-project-1_inferencing\edge-impulse-sdk\CMSIS\DSP\Source\BasicMathFunctions\arm_dot_prod_f16.c.o
Compiling .pio\build\esp32-s3-devkitc-1-n16r8v\lib168\ToFan-project-1_inferencing\edge-impulse-sdk\CMSIS\DSP\Source\BasicMathFunctions\arm_dot_prod_f32.c.o
Compiling .pio\build\esp32-s3-devkitc-1-n16r8v\lib168\ToFan-project-1_inferencing\edge-impulse-sdk\CMSIS\DSP\Source\BasicMathFunctions\arm_dot_prod_f64.c.o
Compiling .pio\build\esp32-s3-devkitc-1-n16r8v\lib168\ToFan-project-1_inferencing\edge-impulse-sdk\CMSIS\DSP\Source\BasicMathFunctions\arm_dot_prod_q15.c.o
Compiling .pio\build\esp32-s3-devkitc-1-n16r8v\lib168\ToFan-project-1_inferencing\edge-impulse-sdk\CMSIS\DSP\Source\BasicMathFunctions\arm_dot_prod_q31.c.o
Compiling .pio\build\esp32-s3-devkitc-1-n16r8v\lib168\ToFan-project-1_inferencing\edge-impulse-sdk\CMSIS\DSP\Source\BasicMathFunctions\arm_dot_prod_q7.c.o
Compiling .pio\build\esp32-s3-devkitc-1-n16r8v\lib168\ToFan-project-1_inferencing\edge-impulse-sdk\CMSIS\DSP\Source\BasicMathFunctions\arm_mult_f16.c.o
Compiling .pio\build\esp32-s3-devkitc-1-n16r8v\lib168\ToFan-project-1_inferencing\edge-impulse-sdk\CMSIS\DSP\Source\BasicMathFunctions\arm_mult_f32.c.o
Compiling .pio\build\esp32-s3-devkitc-1-n16r8v\lib168\ToFan-project-1_inferencing\edge-impulse-sdk\CMSIS\DSP\Source\BasicMathFunctions\arm_mult_f64.c.o
Compiling .pio\build\esp32-s3-devkitc-1-n16r8v\lib168\ToFan-project-1_inferencing\edge-impulse-sdk\CMSIS\DSP\Source\BasicMathFunctions\arm_mult_q15.c.o
Compiling .pio\build\esp32-s3-devkitc-1-n16r8v\lib168\ToFan-project-1_inferencing\edge-impulse-sdk\CMSIS\DSP\Source\BasicMathFunctions\arm_mult_q31.c.o
Compiling .pio\build\esp32-s3-devkitc-1-n16r8v\lib168\ToFan-project-1_inferencing\edge-impulse-sdk\CMSIS\DSP\Source\BasicMathFunctions\arm_mult_q7.c.o
Compiling .pio\build\esp32-s3-devkitc-1-n16r8v\lib168\ToFan-project-1_inferencing\edge-impulse-sdk\CMSIS\DSP\Source\BasicMathFunctions\arm_negate_f16.c.o
Compiling .pio\build\esp32-s3-devkitc-1-n16r8v\lib168\ToFan-project-1_inferencing\edge-impulse-sdk\CMSIS\DSP\Source\BasicMathFunctions\arm_negate_f32.c.o
Compiling .pio\build\esp32-s3-devkitc-1-n16r8v\lib168\ToFan-project-1_inferencing\edge-impulse-sdk\CMSIS\DSP\Source\BasicMathFunctions\arm_negate_f64.c.o
Archiving .pio\build\esp32-s3-devkitc-1-n16r8v\libae1\libAdafruit NeoPixel.a
Compiling .pio\build\esp32-s3-devkitc-1-n16r8v\lib168\ToFan-project-1_inferencing\edge-impulse-sdk\CMSIS\DSP\Source\BasicMathFunctions\arm_negate_q15.c.o
Compiling .pio\build\esp32-s3-devkitc-1-n16r8v\lib168\ToFan-project-1_inferencing\edge-impulse-sdk\CMSIS\DSP\Source\BasicMathFunctions\arm_negate_q31.c.o
Compiling .pio\build\esp32-s3-devkitc-1-n16r8v\lib168\ToFan-project-1_inferencing\edge-impulse-sdk\CMSIS\DSP\Source\BasicMathFunctions\arm_negate_q7.c.o
Indexing .pio\build\esp32-s3-devkitc-1-n16r8v\libae1\libAdafruit NeoPixel.a
Compiling .pio\build\esp32-s3-devkitc-1-n16r8v\lib168\ToFan-project-1_inferencing\edge-impulse-sdk\CMSIS\DSP\Source\BasicMathFunctions\arm_not_u16.c.o
Compiling .pio\build\esp32-s3-devkitc-1-n16r8v\lib168\ToFan-project-1_inferencing\edge-impulse-sdk\CMSIS\DSP\Source\BasicMathFunctions\arm_not_u32.c.o
Compiling .pio\build\esp32-s3-devkitc-1-n16r8v\lib168\ToFan-project-1_inferencing\edge-impulse-sdk\CMSIS\DSP\Source\BasicMathFunctions\arm_not_u8.c.o
Compiling .pio\build\esp32-s3-devkitc-1-n16r8v\lib168\ToFan-project-1_inferencing\edge-impulse-sdk\CMSIS\DSP\Source\BasicMathFunctions\arm_offset_f16.c.o
Compiling .pio\build\esp32-s3-devkitc-1-n16r8v\lib168\ToFan-project-1_inferencing\edge-impulse-sdk\CMSIS\DSP\Source\BasicMathFunctions\arm_offset_f32.c.o
Compiling .pio\build\esp32-s3-devkitc-1-n16r8v\lib168\ToFan-project-1_inferencing\edge-impulse-sdk\CMSIS\DSP\Source\BasicMathFunctions\arm_offset_f64.c.o
Compiling .pio\build\esp32-s3-devkitc-1-n16r8v\lib168\ToFan-project-1_inferencing\edge-impulse-sdk\CMSIS\DSP\Source\BasicMathFunctions\arm_offset_q15.c.o
Compiling .pio\build\esp32-s3-devkitc-1-n16r8v\lib168\ToFan-project-1_inferencing\edge-impulse-sdk\CMSIS\DSP\Source\BasicMathFunctions\arm_offset_q31.c.o
Compiling .pio\build\esp32-s3-devkitc-1-n16r8v\lib168\ToFan-project-1_inferencing\edge-impulse-sdk\CMSIS\DSP\Source\BasicMathFunctions\arm_offset_q7.c.o
Compiling .pio\build\esp32-s3-devkitc-1-n16r8v\lib168\ToFan-project-1_inferencing\edge-impulse-sdk\CMSIS\DSP\Source\BasicMathFunctions\arm_or_u16.c.o
Compiling .pio\build\esp32-s3-devkitc-1-n16r8v\lib168\ToFan-project-1_inferencing\edge-impulse-sdk\CMSIS\DSP\Source\BasicMathFunctions\arm_or_u32.c.o
Compiling .pio\build\esp32-s3-devkitc-1-n16r8v\lib168\ToFan-project-1_inferencing\edge-impulse-sdk\CMSIS\DSP\Source\BasicMathFunctions\arm_or_u8.c.o
Compiling .pio\build\esp32-s3-devkitc-1-n16r8v\lib168\ToFan-project-1_inferencing\edge-impulse-sdk\CMSIS\DSP\Source\BasicMathFunctions\arm_scale_f16.c.o
Compiling .pio\build\esp32-s3-devkitc-1-n16r8v\lib168\ToFan-project-1_inferencing\edge-impulse-sdk\CMSIS\DSP\Source\BasicMathFunctions\arm_scale_f32.c.o
Compiling .pio\build\esp32-s3-devkitc-1-n16r8v\lib168\ToFan-project-1_inferencing\edge-impulse-sdk\CMSIS\DSP\Source\BasicMathFunctions\arm_scale_f64.c.o
Compiling .pio\build\esp32-s3-devkitc-1-n16r8v\lib168\ToFan-project-1_inferencing\edge-impulse-sdk\CMSIS\DSP\Source\BasicMathFunctions\arm_scale_q15.c.o
Compiling .pio\build\esp32-s3-devkitc-1-n16r8v\lib168\ToFan-project-1_inferencing\edge-impulse-sdk\CMSIS\DSP\Source\BasicMathFunctions\arm_scale_q31.c.o
Compiling .pio\build\esp32-s3-devkitc-1-n16r8v\lib168\ToFan-project-1_inferencing\edge-impulse-sdk\CMSIS\DSP\Source\BasicMathFunctions\arm_scale_q7.c.o
Compiling .pio\build\esp32-s3-devkitc-1-n16r8v\lib168\ToFan-project-1_inferencing\edge-impulse-sdk\CMSIS\DSP\Source\BasicMathFunctions\arm_shift_q15.c.o
Compiling .pio\build\esp32-s3-devkitc-1-n16r8v\lib168\ToFan-project-1_inferencing\edge-impulse-sdk\CMSIS\DSP\Source\BasicMathFunctions\arm_shift_q31.c.o
Compiling .pio\build\esp32-s3-devkitc-1-n16r8v\lib168\ToFan-project-1_inferencing\edge-impulse-sdk\CMSIS\DSP\Source\BasicMathFunctions\arm_shift_q7.c.o
Compiling .pio\build\esp32-s3-devkitc-1-n16r8v\lib168\ToFan-project-1_inferencing\edge-impulse-sdk\CMSIS\DSP\Source\BasicMathFunctions\arm_sub_f16.c.o
Compiling .pio\build\esp32-s3-devkitc-1-n16r8v\lib168\ToFan-project-1_inferencing\edge-impulse-sdk\CMSIS\DSP\Source\BasicMathFunctions\arm_sub_f32.c.o
Compiling .pio\build\esp32-s3-devkitc-1-n16r8v\lib168\ToFan-project-1_inferencing\edge-impulse-sdk\CMSIS\DSP\Source\BasicMathFunctions\arm_sub_f64.c.o
Compiling .pio\build\esp32-s3-devkitc-1-n16r8v\lib168\ToFan-project-1_inferencing\edge-impulse-sdk\CMSIS\DSP\Source\BasicMathFunctions\arm_sub_q15.c.o
Compiling .pio\build\esp32-s3-devkitc-1-n16r8v\lib168\ToFan-project-1_inferencing\edge-impulse-sdk\CMSIS\DSP\Source\BasicMathFunctions\arm_sub_q31.c.o
Compiling .pio\build\esp32-s3-devkitc-1-n16r8v\lib168\ToFan-project-1_inferencing\edge-impulse-sdk\CMSIS\DSP\Source\BasicMathFunctions\arm_sub_q7.c.o
Compiling .pio\build\esp32-s3-devkitc-1-n16r8v\lib168\ToFan-project-1_inferencing\edge-impulse-sdk\CMSIS\DSP\Source\BasicMathFunctions\arm_xor_u16.c.o
Compiling .pio\build\esp32-s3-devkitc-1-n16r8v\lib168\ToFan-project-1_inferencing\edge-impulse-sdk\CMSIS\DSP\Source\BasicMathFunctions\arm_xor_u32.c.o
Compiling .pio\build\esp32-s3-devkitc-1-n16r8v\lib168\ToFan-project-1_inferencing\edge-impulse-sdk\CMSIS\DSP\Source\BasicMathFunctions\arm_xor_u8.c.o
Compiling .pio\build\esp32-s3-devkitc-1-n16r8v\lib168\ToFan-project-1_inferencing\edge-impulse-sdk\CMSIS\DSP\Source\BayesFunctions\arm_gaussian_naive_bayes_predict_f16.c.o
Compiling .pio\build\esp32-s3-devkitc-1-n16r8v\lib168\ToFan-project-1_inferencing\edge-impulse-sdk\CMSIS\DSP\Source\BayesFunctions\arm_gaussian_naive_bayes_predict_f32.c.o
Compiling .pio\build\esp32-s3-devkitc-1-n16r8v\lib168\ToFan-project-1_inferencing\edge-impulse-sdk\CMSIS\DSP\Source\CommonTables\arm_common_tables.c.o
Compiling .pio\build\esp32-s3-devkitc-1-n16r8v\lib168\ToFan-project-1_inferencing\edge-impulse-sdk\CMSIS\DSP\Source\CommonTables\arm_common_tables_f16.c.o
Compiling .pio\build\esp32-s3-devkitc-1-n16r8v\lib168\ToFan-project-1_inferencing\edge-impulse-sdk\CMSIS\DSP\Source\CommonTables\arm_const_structs.c.o
Compiling .pio\build\esp32-s3-devkitc-1-n16r8v\lib168\ToFan-project-1_inferencing\edge-impulse-sdk\CMSIS\DSP\Source\CommonTables\arm_const_structs_f16.c.o
Compiling .pio\build\esp32-s3-devkitc-1-n16r8v\lib168\ToFan-project-1_inferencing\edge-impulse-sdk\CMSIS\DSP\Source\CommonTables\arm_mve_tables.c.o
Compiling .pio\build\esp32-s3-devkitc-1-n16r8v\lib168\ToFan-project-1_inferencing\edge-impulse-sdk\CMSIS\DSP\Source\CommonTables\arm_mve_tables_f16.c.o
Compiling .pio\build\esp32-s3-devkitc-1-n16r8v\lib168\ToFan-project-1_inferencing\edge-impulse-sdk\CMSIS\DSP\Source\ComplexMathFunctions\arm_cmplx_conj_f16.c.o
Compiling .pio\build\esp32-s3-devkitc-1-n16r8v\lib168\ToFan-project-1_inferencing\edge-impulse-sdk\CMSIS\DSP\Source\ComplexMathFunctions\arm_cmplx_conj_f32.c.o
Compiling .pio\build\esp32-s3-devkitc-1-n16r8v\lib168\ToFan-project-1_inferencing\edge-impulse-sdk\CMSIS\DSP\Source\ComplexMathFunctions\arm_cmplx_conj_q15.c.o
Compiling .pio\build\esp32-s3-devkitc-1-n16r8v\lib168\ToFan-project-1_inferencing\edge-impulse-sdk\CMSIS\DSP\Source\ComplexMathFunctions\arm_cmplx_conj_q31.c.o
Compiling .pio\build\esp32-s3-devkitc-1-n16r8v\lib168\ToFan-project-1_inferencing\edge-impulse-sdk\CMSIS\DSP\Source\ComplexMathFunctions\arm_cmplx_dot_prod_f16.c.o
Compiling .pio\build\esp32-s3-devkitc-1-n16r8v\lib168\ToFan-project-1_inferencing\edge-impulse-sdk\CMSIS\DSP\Source\ComplexMathFunctions\arm_cmplx_dot_prod_f32.c.o
Compiling .pio\build\esp32-s3-devkitc-1-n16r8v\lib168\ToFan-project-1_inferencing\edge-impulse-sdk\CMSIS\DSP\Source\ComplexMathFunctions\arm_cmplx_dot_prod_q15.c.o
Compiling .pio\build\esp32-s3-devkitc-1-n16r8v\lib168\ToFan-project-1_inferencing\edge-impulse-sdk\CMSIS\DSP\Source\ComplexMathFunctions\arm_cmplx_dot_prod_q31.c.o
Compiling .pio\build\esp32-s3-devkitc-1-n16r8v\lib168\ToFan-project-1_inferencing\edge-impulse-sdk\CMSIS\DSP\Source\ComplexMathFunctions\arm_cmplx_mag_f16.c.o
Compiling .pio\build\esp32-s3-devkitc-1-n16r8v\lib168\ToFan-project-1_inferencing\edge-impulse-sdk\CMSIS\DSP\Source\ComplexMathFunctions\arm_cmplx_mag_f32.c.o
Compiling .pio\build\esp32-s3-devkitc-1-n16r8v\lib168\ToFan-project-1_inferencing\edge-impulse-sdk\CMSIS\DSP\Source\ComplexMathFunctions\arm_cmplx_mag_f64.c.o
Compiling .pio\build\esp32-s3-devkitc-1-n16r8v\lib168\ToFan-project-1_inferencing\edge-impulse-sdk\CMSIS\DSP\Source\ComplexMathFunctions\arm_cmplx_mag_fast_q15.c.o
Compiling .pio\build\esp32-s3-devkitc-1-n16r8v\lib168\ToFan-project-1_inferencing\edge-impulse-sdk\CMSIS\DSP\Source\ComplexMathFunctions\arm_cmplx_mag_q15.c.o
Compiling .pio\build\esp32-s3-devkitc-1-n16r8v\lib168\ToFan-project-1_inferencing\edge-impulse-sdk\CMSIS\DSP\Source\ComplexMathFunctions\arm_cmplx_mag_q31.c.o
Compiling .pio\build\esp32-s3-devkitc-1-n16r8v\lib168\ToFan-project-1_inferencing\edge-impulse-sdk\CMSIS\DSP\Source\ComplexMathFunctions\arm_cmplx_mag_squared_f16.c.o
Compiling .pio\build\esp32-s3-devkitc-1-n16r8v\lib168\ToFan-project-1_inferencing\edge-impulse-sdk\CMSIS\DSP\Source\ComplexMathFunctions\arm_cmplx_mag_squared_f32.c.o
Compiling .pio\build\esp32-s3-devkitc-1-n16r8v\lib168\ToFan-project-1_inferencing\edge-impulse-sdk\CMSIS\DSP\Source\ComplexMathFunctions\arm_cmplx_mag_squared_f64.c.o
Compiling .pio\build\esp32-s3-devkitc-1-n16r8v\lib168\ToFan-project-1_inferencing\edge-impulse-sdk\CMSIS\DSP\Source\ComplexMathFunctions\arm_cmplx_mag_squared_q15.c.o
Compiling .pio\build\esp32-s3-devkitc-1-n16r8v\lib168\ToFan-project-1_inferencing\edge-impulse-sdk\CMSIS\DSP\Source\ComplexMathFunctions\arm_cmplx_mag_squared_q31.c.o
Compiling .pio\build\esp32-s3-devkitc-1-n16r8v\lib168\ToFan-project-1_inferencing\edge-impulse-sdk\CMSIS\DSP\Source\ComplexMathFunctions\arm_cmplx_mult_cmplx_f16.c.o
Compiling .pio\build\esp32-s3-devkitc-1-n16r8v\lib168\ToFan-project-1_inferencing\edge-impulse-sdk\CMSIS\DSP\Source\ComplexMathFunctions\arm_cmplx_mult_cmplx_f32.c.o
Compiling .pio\build\esp32-s3-devkitc-1-n16r8v\lib168\ToFan-project-1_inferencing\edge-impulse-sdk\CMSIS\DSP\Source\ComplexMathFunctions\arm_cmplx_mult_cmplx_f64.c.o
Compiling .pio\build\esp32-s3-devkitc-1-n16r8v\lib168\ToFan-project-1_inferencing\edge-impulse-sdk\CMSIS\DSP\Source\ComplexMathFunctions\arm_cmplx_mult_cmplx_q15.c.o
Compiling .pio\build\esp32-s3-devkitc-1-n16r8v\lib168\ToFan-project-1_inferencing\edge-impulse-sdk\CMSIS\DSP\Source\ComplexMathFunctions\arm_cmplx_mult_cmplx_q31.c.o
Compiling .pio\build\esp32-s3-devkitc-1-n16r8v\lib168\ToFan-project-1_inferencing\edge-impulse-sdk\CMSIS\DSP\Source\ComplexMathFunctions\arm_cmplx_mult_real_f16.c.o
Compiling .pio\build\esp32-s3-devkitc-1-n16r8v\lib168\ToFan-project-1_inferencing\edge-impulse-sdk\CMSIS\DSP\Source\ComplexMathFunctions\arm_cmplx_mult_real_f32.c.o
Compiling .pio\build\esp32-s3-devkitc-1-n16r8v\lib168\ToFan-project-1_inferencing\edge-impulse-sdk\CMSIS\DSP\Source\ComplexMathFunctions\arm_cmplx_mult_real_q15.c.o
Compiling .pio\build\esp32-s3-devkitc-1-n16r8v\lib168\ToFan-project-1_inferencing\edge-impulse-sdk\CMSIS\DSP\Source\ComplexMathFunctions\arm_cmplx_mult_real_q31.c.o
Compiling .pio\build\esp32-s3-devkitc-1-n16r8v\lib168\ToFan-project-1_inferencing\edge-impulse-sdk\CMSIS\DSP\Source\ControllerFunctions\arm_pid_init_f32.c.o
Compiling .pio\build\esp32-s3-devkitc-1-n16r8v\lib168\ToFan-project-1_inferencing\edge-impulse-sdk\CMSIS\DSP\Source\ControllerFunctions\arm_pid_init_q15.c.o
Compiling .pio\build\esp32-s3-devkitc-1-n16r8v\lib168\ToFan-project-1_inferencing\edge-impulse-sdk\CMSIS\DSP\Source\ControllerFunctions\arm_pid_init_q31.c.o
Compiling .pio\build\esp32-s3-devkitc-1-n16r8v\lib168\ToFan-project-1_inferencing\edge-impulse-sdk\CMSIS\DSP\Source\ControllerFunctions\arm_pid_reset_f32.c.o
Compiling .pio\build\esp32-s3-devkitc-1-n16r8v\lib168\ToFan-project-1_inferencing\edge-impulse-sdk\CMSIS\DSP\Source\ControllerFunctions\arm_pid_reset_q15.c.o
Compiling .pio\build\esp32-s3-devkitc-1-n16r8v\lib168\ToFan-project-1_inferencing\edge-impulse-sdk\CMSIS\DSP\Source\ControllerFunctions\arm_pid_reset_q31.c.o
Compiling .pio\build\esp32-s3-devkitc-1-n16r8v\lib168\ToFan-project-1_inferencing\edge-impulse-sdk\CMSIS\DSP\Source\ControllerFunctions\arm_sin_cos_f32.c.o
Compiling .pio\build\esp32-s3-devkitc-1-n16r8v\lib168\ToFan-project-1_inferencing\edge-impulse-sdk\CMSIS\DSP\Source\ControllerFunctions\arm_sin_cos_q31.c.o
Compiling .pio\build\esp32-s3-devkitc-1-n16r8v\lib168\ToFan-project-1_inferencing\edge-impulse-sdk\CMSIS\DSP\Source\DistanceFunctions\arm_boolean_distance.c.o
Compiling .pio\build\esp32-s3-devkitc-1-n16r8v\lib168\ToFan-project-1_inferencing\edge-impulse-sdk\CMSIS\DSP\Source\DistanceFunctions\arm_braycurtis_distance_f16.c.o
Compiling .pio\build\esp32-s3-devkitc-1-n16r8v\lib168\ToFan-project-1_inferencing\edge-impulse-sdk\CMSIS\DSP\Source\DistanceFunctions\arm_braycurtis_distance_f32.c.o
Compiling .pio\build\esp32-s3-devkitc-1-n16r8v\lib168\ToFan-project-1_inferencing\edge-impulse-sdk\CMSIS\DSP\Source\DistanceFunctions\arm_canberra_distance_f16.c.o
Compiling .pio\build\esp32-s3-devkitc-1-n16r8v\lib168\ToFan-project-1_inferencing\edge-impulse-sdk\CMSIS\DSP\Source\DistanceFunctions\arm_canberra_distance_f32.c.o
Compiling .pio\build\esp32-s3-devkitc-1-n16r8v\lib168\ToFan-project-1_inferencing\edge-impulse-sdk\CMSIS\DSP\Source\DistanceFunctions\arm_chebyshev_distance_f16.c.o
Compiling .pio\build\esp32-s3-devkitc-1-n16r8v\lib168\ToFan-project-1_inferencing\edge-impulse-sdk\CMSIS\DSP\Source\DistanceFunctions\arm_chebyshev_distance_f32.c.o
Compiling .pio\build\esp32-s3-devkitc-1-n16r8v\lib168\ToFan-project-1_inferencing\edge-impulse-sdk\CMSIS\DSP\Source\DistanceFunctions\arm_chebyshev_distance_f64.c.o
Compiling .pio\build\esp32-s3-devkitc-1-n16r8v\lib168\ToFan-project-1_inferencing\edge-impulse-sdk\CMSIS\DSP\Source\DistanceFunctions\arm_cityblock_distance_f16.c.o
Compiling .pio\build\esp32-s3-devkitc-1-n16r8v\lib168\ToFan-project-1_inferencing\edge-impulse-sdk\CMSIS\DSP\Source\DistanceFunctions\arm_cityblock_distance_f32.c.o
Compiling .pio\build\esp32-s3-devkitc-1-n16r8v\lib168\ToFan-project-1_inferencing\edge-impulse-sdk\CMSIS\DSP\Source\DistanceFunctions\arm_cityblock_distance_f64.c.o
Compiling .pio\build\esp32-s3-devkitc-1-n16r8v\lib168\ToFan-project-1_inferencing\edge-impulse-sdk\CMSIS\DSP\Source\DistanceFunctions\arm_correlation_distance_f16.c.o
Compiling .pio\build\esp32-s3-devkitc-1-n16r8v\lib168\ToFan-project-1_inferencing\edge-impulse-sdk\CMSIS\DSP\Source\DistanceFunctions\arm_correlation_distance_f32.c.o
Compiling .pio\build\esp32-s3-devkitc-1-n16r8v\lib168\ToFan-project-1_inferencing\edge-impulse-sdk\CMSIS\DSP\Source\DistanceFunctions\arm_cosine_distance_f16.c.o
Compiling .pio\build\esp32-s3-devkitc-1-n16r8v\lib168\ToFan-project-1_inferencing\edge-impulse-sdk\CMSIS\DSP\Source\DistanceFunctions\arm_cosine_distance_f32.c.o
Compiling .pio\build\esp32-s3-devkitc-1-n16r8v\lib168\ToFan-project-1_inferencing\edge-impulse-sdk\CMSIS\DSP\Source\DistanceFunctions\arm_cosine_distance_f64.c.o
Compiling .pio\build\esp32-s3-devkitc-1-n16r8v\lib168\ToFan-project-1_inferencing\edge-impulse-sdk\CMSIS\DSP\Source\DistanceFunctions\arm_dice_distance.c.o
Compiling .pio\build\esp32-s3-devkitc-1-n16r8v\lib168\ToFan-project-1_inferencing\edge-impulse-sdk\CMSIS\DSP\Source\DistanceFunctions\arm_euclidean_distance_f16.c.o
Compiling .pio\build\esp32-s3-devkitc-1-n16r8v\lib168\ToFan-project-1_inferencing\edge-impulse-sdk\CMSIS\DSP\Source\DistanceFunctions\arm_euclidean_distance_f32.c.o
Compiling .pio\build\esp32-s3-devkitc-1-n16r8v\lib168\ToFan-project-1_inferencing\edge-impulse-sdk\CMSIS\DSP\Source\DistanceFunctions\arm_euclidean_distance_f64.c.o
Compiling .pio\build\esp32-s3-devkitc-1-n16r8v\lib168\ToFan-project-1_inferencing\edge-impulse-sdk\CMSIS\DSP\Source\DistanceFunctions\arm_hamming_distance.c.o
Compiling .pio\build\esp32-s3-devkitc-1-n16r8v\lib168\ToFan-project-1_inferencing\edge-impulse-sdk\CMSIS\DSP\Source\DistanceFunctions\arm_jaccard_distance.c.o
Compiling .pio\build\esp32-s3-devkitc-1-n16r8v\lib168\ToFan-project-1_inferencing\edge-impulse-sdk\CMSIS\DSP\Source\DistanceFunctions\arm_jensenshannon_distance_f16.c.o
Compiling .pio\build\esp32-s3-devkitc-1-n16r8v\lib168\ToFan-project-1_inferencing\edge-impulse-sdk\CMSIS\DSP\Source\DistanceFunctions\arm_jensenshannon_distance_f32.c.o
Compiling .pio\build\esp32-s3-devkitc-1-n16r8v\lib168\ToFan-project-1_inferencing\edge-impulse-sdk\CMSIS\DSP\Source\DistanceFunctions\arm_kulsinski_distance.c.o
Archiving .pio\build\esp32-s3-devkitc-1-n16r8v\lib4e4\libHTTPClient.a
Compiling .pio\build\esp32-s3-devkitc-1-n16r8v\lib168\ToFan-project-1_inferencing\edge-impulse-sdk\CMSIS\DSP\Source\DistanceFunctions\arm_minkowski_distance_f16.c.o
Compiling .pio\build\esp32-s3-devkitc-1-n16r8v\lib168\ToFan-project-1_inferencing\edge-impulse-sdk\CMSIS\DSP\Source\DistanceFunctions\arm_minkowski_distance_f32.c.o
Compiling .pio\build\esp32-s3-devkitc-1-n16r8v\lib168\ToFan-project-1_inferencing\edge-impulse-sdk\CMSIS\DSP\Source\DistanceFunctions\arm_rogerstanimoto_distance.c.o
Compiling .pio\build\esp32-s3-devkitc-1-n16r8v\lib168\ToFan-project-1_inferencing\edge-impulse-sdk\CMSIS\DSP\Source\DistanceFunctions\arm_russellrao_distance.c.o
Indexing .pio\build\esp32-s3-devkitc-1-n16r8v\lib4e4\libHTTPClient.a
Compiling .pio\build\esp32-s3-devkitc-1-n16r8v\lib168\ToFan-project-1_inferencing\edge-impulse-sdk\CMSIS\DSP\Source\DistanceFunctions\arm_sokalmichener_distance.c.o
Compiling .pio\build\esp32-s3-devkitc-1-n16r8v\lib168\ToFan-project-1_inferencing\edge-impulse-sdk\CMSIS\DSP\Source\DistanceFunctions\arm_sokalsneath_distance.c.o
Compiling .pio\build\esp32-s3-devkitc-1-n16r8v\lib168\ToFan-project-1_inferencing\edge-impulse-sdk\CMSIS\DSP\Source\DistanceFunctions\arm_yule_distance.c.o
Compiling .pio\build\esp32-s3-devkitc-1-n16r8v\lib168\ToFan-project-1_inferencing\edge-impulse-sdk\CMSIS\DSP\Source\FastMathFunctions\arm_atan2_f16.c.o
Compiling .pio\build\esp32-s3-devkitc-1-n16r8v\lib168\ToFan-project-1_inferencing\edge-impulse-sdk\CMSIS\DSP\Source\FastMathFunctions\arm_atan2_f32.c.o
Compiling .pio\build\esp32-s3-devkitc-1-n16r8v\lib168\ToFan-project-1_inferencing\edge-impulse-sdk\CMSIS\DSP\Source\FastMathFunctions\arm_atan2_q15.c.o
Compiling .pio\build\esp32-s3-devkitc-1-n16r8v\lib168\ToFan-project-1_inferencing\edge-impulse-sdk\CMSIS\DSP\Source\FastMathFunctions\arm_atan2_q31.c.o
Compiling .pio\build\esp32-s3-devkitc-1-n16r8v\lib168\ToFan-project-1_inferencing\edge-impulse-sdk\CMSIS\DSP\Source\FastMathFunctions\arm_cos_f32.c.o
Compiling .pio\build\esp32-s3-devkitc-1-n16r8v\lib168\ToFan-project-1_inferencing\edge-impulse-sdk\CMSIS\DSP\Source\FastMathFunctions\arm_cos_q15.c.o
Compiling .pio\build\esp32-s3-devkitc-1-n16r8v\lib168\ToFan-project-1_inferencing\edge-impulse-sdk\CMSIS\DSP\Source\FastMathFunctions\arm_cos_q31.c.o
Compiling .pio\build\esp32-s3-devkitc-1-n16r8v\lib168\ToFan-project-1_inferencing\edge-impulse-sdk\CMSIS\DSP\Source\FastMathFunctions\arm_divide_q15.c.o
Compiling .pio\build\esp32-s3-devkitc-1-n16r8v\lib168\ToFan-project-1_inferencing\edge-impulse-sdk\CMSIS\DSP\Source\FastMathFunctions\arm_divide_q31.c.o
Compiling .pio\build\esp32-s3-devkitc-1-n16r8v\lib168\ToFan-project-1_inferencing\edge-impulse-sdk\CMSIS\DSP\Source\FastMathFunctions\arm_sin_f32.c.o
Compiling .pio\build\esp32-s3-devkitc-1-n16r8v\lib168\ToFan-project-1_inferencing\edge-impulse-sdk\CMSIS\DSP\Source\FastMathFunctions\arm_sin_q15.c.o
Compiling .pio\build\esp32-s3-devkitc-1-n16r8v\lib168\ToFan-project-1_inferencing\edge-impulse-sdk\CMSIS\DSP\Source\FastMathFunctions\arm_sin_q31.c.o
Compiling .pio\build\esp32-s3-devkitc-1-n16r8v\lib168\ToFan-project-1_inferencing\edge-impulse-sdk\CMSIS\DSP\Source\FastMathFunctions\arm_sqrt_q15.c.o
Compiling .pio\build\esp32-s3-devkitc-1-n16r8v\lib168\ToFan-project-1_inferencing\edge-impulse-sdk\CMSIS\DSP\Source\FastMathFunctions\arm_sqrt_q31.c.o
Compiling .pio\build\esp32-s3-devkitc-1-n16r8v\lib168\ToFan-project-1_inferencing\edge-impulse-sdk\CMSIS\DSP\Source\FastMathFunctions\arm_vexp_f16.c.o
Compiling .pio\build\esp32-s3-devkitc-1-n16r8v\lib168\ToFan-project-1_inferencing\edge-impulse-sdk\CMSIS\DSP\Source\FastMathFunctions\arm_vexp_f32.c.o
Compiling .pio\build\esp32-s3-devkitc-1-n16r8v\lib168\ToFan-project-1_inferencing\edge-impulse-sdk\CMSIS\DSP\Source\FastMathFunctions\arm_vexp_f64.c.o
Compiling .pio\build\esp32-s3-devkitc-1-n16r8v\lib168\ToFan-project-1_inferencing\edge-impulse-sdk\CMSIS\DSP\Source\FastMathFunctions\arm_vinverse_f16.c.o
Compiling .pio\build\esp32-s3-devkitc-1-n16r8v\lib168\ToFan-project-1_inferencing\edge-impulse-sdk\CMSIS\DSP\Source\FastMathFunctions\arm_vlog_f16.c.o
Compiling .pio\build\esp32-s3-devkitc-1-n16r8v\lib168\ToFan-project-1_inferencing\edge-impulse-sdk\CMSIS\DSP\Source\FastMathFunctions\arm_vlog_f32.c.o
Compiling .pio\build\esp32-s3-devkitc-1-n16r8v\lib168\ToFan-project-1_inferencing\edge-impulse-sdk\CMSIS\DSP\Source\FastMathFunctions\arm_vlog_f64.c.o
Compiling .pio\build\esp32-s3-devkitc-1-n16r8v\lib168\ToFan-project-1_inferencing\edge-impulse-sdk\CMSIS\DSP\Source\FastMathFunctions\arm_vlog_q15.c.o
Compiling .pio\build\esp32-s3-devkitc-1-n16r8v\lib168\ToFan-project-1_inferencing\edge-impulse-sdk\CMSIS\DSP\Source\FastMathFunctions\arm_vlog_q31.c.o
Compiling .pio\build\esp32-s3-devkitc-1-n16r8v\lib168\ToFan-project-1_inferencing\edge-impulse-sdk\CMSIS\DSP\Source\FilteringFunctions\arm_biquad_cascade_df1_32x64_init_q31.c.o
Compiling .pio\build\esp32-s3-devkitc-1-n16r8v\lib168\ToFan-project-1_inferencing\edge-impulse-sdk\CMSIS\DSP\Source\FilteringFunctions\arm_biquad_cascade_df1_32x64_q31.c.o
Compiling .pio\build\esp32-s3-devkitc-1-n16r8v\lib168\ToFan-project-1_inferencing\edge-impulse-sdk\CMSIS\DSP\Source\FilteringFunctions\arm_biquad_cascade_df1_f16.c.o
Compiling .pio\build\esp32-s3-devkitc-1-n16r8v\lib168\ToFan-project-1_inferencing\edge-impulse-sdk\CMSIS\DSP\Source\FilteringFunctions\arm_biquad_cascade_df1_f32.c.o
Compiling .pio\build\esp32-s3-devkitc-1-n16r8v\lib168\ToFan-project-1_inferencing\edge-impulse-sdk\CMSIS\DSP\Source\FilteringFunctions\arm_biquad_cascade_df1_fast_q15.c.o
Compiling .pio\build\esp32-s3-devkitc-1-n16r8v\lib168\ToFan-project-1_inferencing\edge-impulse-sdk\CMSIS\DSP\Source\FilteringFunctions\arm_biquad_cascade_df1_fast_q31.c.o
Compiling .pio\build\esp32-s3-devkitc-1-n16r8v\lib168\ToFan-project-1_inferencing\edge-impulse-sdk\CMSIS\DSP\Source\FilteringFunctions\arm_biquad_cascade_df1_init_f16.c.o
Compiling .pio\build\esp32-s3-devkitc-1-n16r8v\lib168\ToFan-project-1_inferencing\edge-impulse-sdk\CMSIS\DSP\Source\FilteringFunctions\arm_biquad_cascade_df1_init_f32.c.o
Compiling .pio\build\esp32-s3-devkitc-1-n16r8v\lib168\ToFan-project-1_inferencing\edge-impulse-sdk\CMSIS\DSP\Source\FilteringFunctions\arm_biquad_cascade_df1_init_q15.c.o
Compiling .pio\build\esp32-s3-devkitc-1-n16r8v\lib168\ToFan-project-1_inferencing\edge-impulse-sdk\CMSIS\DSP\Source\FilteringFunctions\arm_biquad_cascade_df1_init_q31.c.o
Compiling .pio\build\esp32-s3-devkitc-1-n16r8v\lib168\ToFan-project-1_inferencing\edge-impulse-sdk\CMSIS\DSP\Source\FilteringFunctions\arm_biquad_cascade_df1_q15.c.o
Compiling .pio\build\esp32-s3-devkitc-1-n16r8v\lib168\ToFan-project-1_inferencing\edge-impulse-sdk\CMSIS\DSP\Source\FilteringFunctions\arm_biquad_cascade_df1_q31.c.o
Compiling .pio\build\esp32-s3-devkitc-1-n16r8v\lib168\ToFan-project-1_inferencing\edge-impulse-sdk\CMSIS\DSP\Source\FilteringFunctions\arm_biquad_cascade_df2T_f16.c.o
Compiling .pio\build\esp32-s3-devkitc-1-n16r8v\lib168\ToFan-project-1_inferencing\edge-impulse-sdk\CMSIS\DSP\Source\FilteringFunctions\arm_biquad_cascade_df2T_f32.c.o
Compiling .pio\build\esp32-s3-devkitc-1-n16r8v\lib168\ToFan-project-1_inferencing\edge-impulse-sdk\CMSIS\DSP\Source\FilteringFunctions\arm_biquad_cascade_df2T_f64.c.o
Compiling .pio\build\esp32-s3-devkitc-1-n16r8v\lib168\ToFan-project-1_inferencing\edge-impulse-sdk\CMSIS\DSP\Source\FilteringFunctions\arm_biquad_cascade_df2T_init_f16.c.o
Compiling .pio\build\esp32-s3-devkitc-1-n16r8v\lib168\ToFan-project-1_inferencing\edge-impulse-sdk\CMSIS\DSP\Source\FilteringFunctions\arm_biquad_cascade_df2T_init_f32.c.o
Compiling .pio\build\esp32-s3-devkitc-1-n16r8v\lib168\ToFan-project-1_inferencing\edge-impulse-sdk\CMSIS\DSP\Source\FilteringFunctions\arm_biquad_cascade_df2T_init_f64.c.o
Compiling .pio\build\esp32-s3-devkitc-1-n16r8v\lib168\ToFan-project-1_inferencing\edge-impulse-sdk\CMSIS\DSP\Source\FilteringFunctions\arm_biquad_cascade_stereo_df2T_f16.c.o
Compiling .pio\build\esp32-s3-devkitc-1-n16r8v\lib168\ToFan-project-1_inferencing\edge-impulse-sdk\CMSIS\DSP\Source\FilteringFunctions\arm_biquad_cascade_stereo_df2T_f32.c.o
Compiling .pio\build\esp32-s3-devkitc-1-n16r8v\lib168\ToFan-project-1_inferencing\edge-impulse-sdk\CMSIS\DSP\Source\FilteringFunctions\arm_biquad_cascade_stereo_df2T_init_f16.c.o
Compiling .pio\build\esp32-s3-devkitc-1-n16r8v\lib168\ToFan-project-1_inferencing\edge-impulse-sdk\CMSIS\DSP\Source\FilteringFunctions\arm_biquad_cascade_stereo_df2T_init_f32.c.o
Compiling .pio\build\esp32-s3-devkitc-1-n16r8v\lib168\ToFan-project-1_inferencing\edge-impulse-sdk\CMSIS\DSP\Source\FilteringFunctions\arm_conv_f32.c.o
Compiling .pio\build\esp32-s3-devkitc-1-n16r8v\lib168\ToFan-project-1_inferencing\edge-impulse-sdk\CMSIS\DSP\Source\FilteringFunctions\arm_conv_fast_opt_q15.c.o
Compiling .pio\build\esp32-s3-devkitc-1-n16r8v\lib168\ToFan-project-1_inferencing\edge-impulse-sdk\CMSIS\DSP\Source\FilteringFunctions\arm_conv_fast_q15.c.o
Compiling .pio\build\esp32-s3-devkitc-1-n16r8v\lib168\ToFan-project-1_inferencing\edge-impulse-sdk\CMSIS\DSP\Source\FilteringFunctions\arm_conv_fast_q31.c.o
Compiling .pio\build\esp32-s3-devkitc-1-n16r8v\lib168\ToFan-project-1_inferencing\edge-impulse-sdk\CMSIS\DSP\Source\FilteringFunctions\arm_conv_opt_q15.c.o
Compiling .pio\build\esp32-s3-devkitc-1-n16r8v\lib168\ToFan-project-1_inferencing\edge-impulse-sdk\CMSIS\DSP\Source\FilteringFunctions\arm_conv_opt_q7.c.o
Compiling .pio\build\esp32-s3-devkitc-1-n16r8v\lib168\ToFan-project-1_inferencing\edge-impulse-sdk\CMSIS\DSP\Source\FilteringFunctions\arm_conv_partial_f32.c.o
Compiling .pio\build\esp32-s3-devkitc-1-n16r8v\lib168\ToFan-project-1_inferencing\edge-impulse-sdk\CMSIS\DSP\Source\FilteringFunctions\arm_conv_partial_fast_opt_q15.c.o
Compiling .pio\build\esp32-s3-devkitc-1-n16r8v\lib168\ToFan-project-1_inferencing\edge-impulse-sdk\CMSIS\DSP\Source\FilteringFunctions\arm_conv_partial_fast_q15.c.o
Compiling .pio\build\esp32-s3-devkitc-1-n16r8v\lib168\ToFan-project-1_inferencing\edge-impulse-sdk\CMSIS\DSP\Source\FilteringFunctions\arm_conv_partial_fast_q31.c.o
Compiling .pio\build\esp32-s3-devkitc-1-n16r8v\lib168\ToFan-project-1_inferencing\edge-impulse-sdk\CMSIS\DSP\Source\FilteringFunctions\arm_conv_partial_opt_q15.c.o
Compiling .pio\build\esp32-s3-devkitc-1-n16r8v\lib168\ToFan-project-1_inferencing\edge-impulse-sdk\CMSIS\DSP\Source\FilteringFunctions\arm_conv_partial_opt_q7.c.o
Compiling .pio\build\esp32-s3-devkitc-1-n16r8v\lib168\ToFan-project-1_inferencing\edge-impulse-sdk\CMSIS\DSP\Source\FilteringFunctions\arm_conv_partial_q15.c.o
Compiling .pio\build\esp32-s3-devkitc-1-n16r8v\lib168\ToFan-project-1_inferencing\edge-impulse-sdk\CMSIS\DSP\Source\FilteringFunctions\arm_conv_partial_q31.c.o
Compiling .pio\build\esp32-s3-devkitc-1-n16r8v\lib168\ToFan-project-1_inferencing\edge-impulse-sdk\CMSIS\DSP\Source\FilteringFunctions\arm_conv_partial_q7.c.o
Compiling .pio\build\esp32-s3-devkitc-1-n16r8v\lib168\ToFan-project-1_inferencing\edge-impulse-sdk\CMSIS\DSP\Source\FilteringFunctions\arm_conv_q15.c.o
Compiling .pio\build\esp32-s3-devkitc-1-n16r8v\lib168\ToFan-project-1_inferencing\edge-impulse-sdk\CMSIS\DSP\Source\FilteringFunctions\arm_conv_q31.c.o
Compiling .pio\build\esp32-s3-devkitc-1-n16r8v\lib168\ToFan-project-1_inferencing\edge-impulse-sdk\CMSIS\DSP\Source\FilteringFunctions\arm_conv_q7.c.o
Compiling .pio\build\esp32-s3-devkitc-1-n16r8v\lib168\ToFan-project-1_inferencing\edge-impulse-sdk\CMSIS\DSP\Source\FilteringFunctions\arm_correlate_f16.c.o
Compiling .pio\build\esp32-s3-devkitc-1-n16r8v\lib168\ToFan-project-1_inferencing\edge-impulse-sdk\CMSIS\DSP\Source\FilteringFunctions\arm_correlate_f32.c.o
Compiling .pio\build\esp32-s3-devkitc-1-n16r8v\lib168\ToFan-project-1_inferencing\edge-impulse-sdk\CMSIS\DSP\Source\FilteringFunctions\arm_correlate_f64.c.o
Compiling .pio\build\esp32-s3-devkitc-1-n16r8v\lib168\ToFan-project-1_inferencing\edge-impulse-sdk\CMSIS\DSP\Source\FilteringFunctions\arm_correlate_fast_opt_q15.c.o
Compiling .pio\build\esp32-s3-devkitc-1-n16r8v\lib168\ToFan-project-1_inferencing\edge-impulse-sdk\CMSIS\DSP\Source\FilteringFunctions\arm_correlate_fast_q15.c.o
Compiling .pio\build\esp32-s3-devkitc-1-n16r8v\lib168\ToFan-project-1_inferencing\edge-impulse-sdk\CMSIS\DSP\Source\FilteringFunctions\arm_correlate_fast_q31.c.o
Compiling .pio\build\esp32-s3-devkitc-1-n16r8v\lib168\ToFan-project-1_inferencing\edge-impulse-sdk\CMSIS\DSP\Source\FilteringFunctions\arm_correlate_opt_q15.c.o
Compiling .pio\build\esp32-s3-devkitc-1-n16r8v\lib168\ToFan-project-1_inferencing\edge-impulse-sdk\CMSIS\DSP\Source\FilteringFunctions\arm_correlate_opt_q7.c.o
Compiling .pio\build\esp32-s3-devkitc-1-n16r8v\lib168\ToFan-project-1_inferencing\edge-impulse-sdk\CMSIS\DSP\Source\FilteringFunctions\arm_correlate_q15.c.o
Compiling .pio\build\esp32-s3-devkitc-1-n16r8v\lib168\ToFan-project-1_inferencing\edge-impulse-sdk\CMSIS\DSP\Source\FilteringFunctions\arm_correlate_q31.c.o
Compiling .pio\build\esp32-s3-devkitc-1-n16r8v\lib168\ToFan-project-1_inferencing\edge-impulse-sdk\CMSIS\DSP\Source\FilteringFunctions\arm_correlate_q7.c.o
Compiling .pio\build\esp32-s3-devkitc-1-n16r8v\lib168\ToFan-project-1_inferencing\edge-impulse-sdk\CMSIS\DSP\Source\FilteringFunctions\arm_fir_decimate_f32.c.o
Compiling .pio\build\esp32-s3-devkitc-1-n16r8v\lib168\ToFan-project-1_inferencing\edge-impulse-sdk\CMSIS\DSP\Source\FilteringFunctions\arm_fir_decimate_fast_q15.c.o
Compiling .pio\build\esp32-s3-devkitc-1-n16r8v\lib168\ToFan-project-1_inferencing\edge-impulse-sdk\CMSIS\DSP\Source\FilteringFunctions\arm_fir_decimate_fast_q31.c.o
Compiling .pio\build\esp32-s3-devkitc-1-n16r8v\lib168\ToFan-project-1_inferencing\edge-impulse-sdk\CMSIS\DSP\Source\FilteringFunctions\arm_fir_decimate_init_f32.c.o
Compiling .pio\build\esp32-s3-devkitc-1-n16r8v\lib168\ToFan-project-1_inferencing\edge-impulse-sdk\CMSIS\DSP\Source\FilteringFunctions\arm_fir_decimate_init_q15.c.o
Compiling .pio\build\esp32-s3-devkitc-1-n16r8v\lib168\ToFan-project-1_inferencing\edge-impulse-sdk\CMSIS\DSP\Source\FilteringFunctions\arm_fir_decimate_init_q31.c.o
Compiling .pio\build\esp32-s3-devkitc-1-n16r8v\lib168\ToFan-project-1_inferencing\edge-impulse-sdk\CMSIS\DSP\Source\FilteringFunctions\arm_fir_decimate_q15.c.o
Compiling .pio\build\esp32-s3-devkitc-1-n16r8v\lib168\ToFan-project-1_inferencing\edge-impulse-sdk\CMSIS\DSP\Source\FilteringFunctions\arm_fir_decimate_q31.c.o
Compiling .pio\build\esp32-s3-devkitc-1-n16r8v\lib168\ToFan-project-1_inferencing\edge-impulse-sdk\CMSIS\DSP\Source\FilteringFunctions\arm_fir_f16.c.o
Compiling .pio\build\esp32-s3-devkitc-1-n16r8v\lib168\ToFan-project-1_inferencing\edge-impulse-sdk\CMSIS\DSP\Source\FilteringFunctions\arm_fir_f32.c.o
Compiling .pio\build\esp32-s3-devkitc-1-n16r8v\lib168\ToFan-project-1_inferencing\edge-impulse-sdk\CMSIS\DSP\Source\FilteringFunctions\arm_fir_f64.c.o
Compiling .pio\build\esp32-s3-devkitc-1-n16r8v\lib168\ToFan-project-1_inferencing\edge-impulse-sdk\CMSIS\DSP\Source\FilteringFunctions\arm_fir_fast_q15.c.o
Compiling .pio\build\esp32-s3-devkitc-1-n16r8v\lib168\ToFan-project-1_inferencing\edge-impulse-sdk\CMSIS\DSP\Source\FilteringFunctions\arm_fir_fast_q31.c.o
Compiling .pio\build\esp32-s3-devkitc-1-n16r8v\lib168\ToFan-project-1_inferencing\edge-impulse-sdk\CMSIS\DSP\Source\FilteringFunctions\arm_fir_init_f16.c.o
Compiling .pio\build\esp32-s3-devkitc-1-n16r8v\lib168\ToFan-project-1_inferencing\edge-impulse-sdk\CMSIS\DSP\Source\FilteringFunctions\arm_fir_init_f32.c.o
Compiling .pio\build\esp32-s3-devkitc-1-n16r8v\lib168\ToFan-project-1_inferencing\edge-impulse-sdk\CMSIS\DSP\Source\FilteringFunctions\arm_fir_init_f64.c.o
Compiling .pio\build\esp32-s3-devkitc-1-n16r8v\lib168\ToFan-project-1_inferencing\edge-impulse-sdk\CMSIS\DSP\Source\FilteringFunctions\arm_fir_init_q15.c.o
Compiling .pio\build\esp32-s3-devkitc-1-n16r8v\lib168\ToFan-project-1_inferencing\edge-impulse-sdk\CMSIS\DSP\Source\FilteringFunctions\arm_fir_init_q31.c.o
Compiling .pio\build\esp32-s3-devkitc-1-n16r8v\lib168\ToFan-project-1_inferencing\edge-impulse-sdk\CMSIS\DSP\Source\FilteringFunctions\arm_fir_init_q7.c.o
Compiling .pio\build\esp32-s3-devkitc-1-n16r8v\lib168\ToFan-project-1_inferencing\edge-impulse-sdk\CMSIS\DSP\Source\FilteringFunctions\arm_fir_interpolate_f32.c.o
Compiling .pio\build\esp32-s3-devkitc-1-n16r8v\lib168\ToFan-project-1_inferencing\edge-impulse-sdk\CMSIS\DSP\Source\FilteringFunctions\arm_fir_interpolate_init_f32.c.o
Compiling .pio\build\esp32-s3-devkitc-1-n16r8v\lib168\ToFan-project-1_inferencing\edge-impulse-sdk\CMSIS\DSP\Source\FilteringFunctions\arm_fir_interpolate_init_q15.c.o
Compiling .pio\build\esp32-s3-devkitc-1-n16r8v\lib168\ToFan-project-1_inferencing\edge-impulse-sdk\CMSIS\DSP\Source\FilteringFunctions\arm_fir_interpolate_init_q31.c.o
Compiling .pio\build\esp32-s3-devkitc-1-n16r8v\lib168\ToFan-project-1_inferencing\edge-impulse-sdk\CMSIS\DSP\Source\FilteringFunctions\arm_fir_interpolate_q15.c.o
Compiling .pio\build\esp32-s3-devkitc-1-n16r8v\lib168\ToFan-project-1_inferencing\edge-impulse-sdk\CMSIS\DSP\Source\FilteringFunctions\arm_fir_interpolate_q31.c.o
Compiling .pio\build\esp32-s3-devkitc-1-n16r8v\lib168\ToFan-project-1_inferencing\edge-impulse-sdk\CMSIS\DSP\Source\FilteringFunctions\arm_fir_lattice_f32.c.o
Compiling .pio\build\esp32-s3-devkitc-1-n16r8v\lib168\ToFan-project-1_inferencing\edge-impulse-sdk\CMSIS\DSP\Source\FilteringFunctions\arm_fir_lattice_init_f32.c.o
Compiling .pio\build\esp32-s3-devkitc-1-n16r8v\lib168\ToFan-project-1_inferencing\edge-impulse-sdk\CMSIS\DSP\Source\FilteringFunctions\arm_fir_lattice_init_q15.c.o
Compiling .pio\build\esp32-s3-devkitc-1-n16r8v\lib168\ToFan-project-1_inferencing\edge-impulse-sdk\CMSIS\DSP\Source\FilteringFunctions\arm_fir_lattice_init_q31.c.o
Compiling .pio\build\esp32-s3-devkitc-1-n16r8v\lib168\ToFan-project-1_inferencing\edge-impulse-sdk\CMSIS\DSP\Source\FilteringFunctions\arm_fir_lattice_q15.c.o
Compiling .pio\build\esp32-s3-devkitc-1-n16r8v\lib168\ToFan-project-1_inferencing\edge-impulse-sdk\CMSIS\DSP\Source\FilteringFunctions\arm_fir_lattice_q31.c.o
Compiling .pio\build\esp32-s3-devkitc-1-n16r8v\lib168\ToFan-project-1_inferencing\edge-impulse-sdk\CMSIS\DSP\Source\FilteringFunctions\arm_fir_q15.c.o
Compiling .pio\build\esp32-s3-devkitc-1-n16r8v\lib168\ToFan-project-1_inferencing\edge-impulse-sdk\CMSIS\DSP\Source\FilteringFunctions\arm_fir_q31.c.o
Compiling .pio\build\esp32-s3-devkitc-1-n16r8v\lib168\ToFan-project-1_inferencing\edge-impulse-sdk\CMSIS\DSP\Source\FilteringFunctions\arm_fir_q7.c.o
Compiling .pio\build\esp32-s3-devkitc-1-n16r8v\lib168\ToFan-project-1_inferencing\edge-impulse-sdk\CMSIS\DSP\Source\FilteringFunctions\arm_fir_sparse_f32.c.o
Compiling .pio\build\esp32-s3-devkitc-1-n16r8v\lib168\ToFan-project-1_inferencing\edge-impulse-sdk\CMSIS\DSP\Source\FilteringFunctions\arm_fir_sparse_init_f32.c.o
Compiling .pio\build\esp32-s3-devkitc-1-n16r8v\lib168\ToFan-project-1_inferencing\edge-impulse-sdk\CMSIS\DSP\Source\FilteringFunctions\arm_fir_sparse_init_q15.c.o
Compiling .pio\build\esp32-s3-devkitc-1-n16r8v\lib168\ToFan-project-1_inferencing\edge-impulse-sdk\CMSIS\DSP\Source\FilteringFunctions\arm_fir_sparse_init_q31.c.o
Compiling .pio\build\esp32-s3-devkitc-1-n16r8v\lib168\ToFan-project-1_inferencing\edge-impulse-sdk\CMSIS\DSP\Source\FilteringFunctions\arm_fir_sparse_init_q7.c.o
Compiling .pio\build\esp32-s3-devkitc-1-n16r8v\lib168\ToFan-project-1_inferencing\edge-impulse-sdk\CMSIS\DSP\Source\FilteringFunctions\arm_fir_sparse_q15.c.o
Compiling .pio\build\esp32-s3-devkitc-1-n16r8v\lib168\ToFan-project-1_inferencing\edge-impulse-sdk\CMSIS\DSP\Source\FilteringFunctions\arm_fir_sparse_q31.c.o
Compiling .pio\build\esp32-s3-devkitc-1-n16r8v\lib168\ToFan-project-1_inferencing\edge-impulse-sdk\CMSIS\DSP\Source\FilteringFunctions\arm_fir_sparse_q7.c.o
Compiling .pio\build\esp32-s3-devkitc-1-n16r8v\lib168\ToFan-project-1_inferencing\edge-impulse-sdk\CMSIS\DSP\Source\FilteringFunctions\arm_iir_lattice_f32.c.o
Compiling .pio\build\esp32-s3-devkitc-1-n16r8v\lib168\ToFan-project-1_inferencing\edge-impulse-sdk\CMSIS\DSP\Source\FilteringFunctions\arm_iir_lattice_init_f32.c.o
Compiling .pio\build\esp32-s3-devkitc-1-n16r8v\lib168\ToFan-project-1_inferencing\edge-impulse-sdk\CMSIS\DSP\Source\FilteringFunctions\arm_iir_lattice_init_q15.c.o
Compiling .pio\build\esp32-s3-devkitc-1-n16r8v\lib168\ToFan-project-1_inferencing\edge-impulse-sdk\CMSIS\DSP\Source\FilteringFunctions\arm_iir_lattice_init_q31.c.o
Compiling .pio\build\esp32-s3-devkitc-1-n16r8v\lib168\ToFan-project-1_inferencing\edge-impulse-sdk\CMSIS\DSP\Source\FilteringFunctions\arm_iir_lattice_q15.c.o
Compiling .pio\build\esp32-s3-devkitc-1-n16r8v\lib168\ToFan-project-1_inferencing\edge-impulse-sdk\CMSIS\DSP\Source\FilteringFunctions\arm_iir_lattice_q31.c.o
Compiling .pio\build\esp32-s3-devkitc-1-n16r8v\lib168\ToFan-project-1_inferencing\edge-impulse-sdk\CMSIS\DSP\Source\FilteringFunctions\arm_levinson_durbin_f16.c.o
Compiling .pio\build\esp32-s3-devkitc-1-n16r8v\lib168\ToFan-project-1_inferencing\edge-impulse-sdk\CMSIS\DSP\Source\FilteringFunctions\arm_levinson_durbin_f32.c.o
Compiling .pio\build\esp32-s3-devkitc-1-n16r8v\lib168\ToFan-project-1_inferencing\edge-impulse-sdk\CMSIS\DSP\Source\FilteringFunctions\arm_levinson_durbin_q31.c.o
Compiling .pio\build\esp32-s3-devkitc-1-n16r8v\lib168\ToFan-project-1_inferencing\edge-impulse-sdk\CMSIS\DSP\Source\FilteringFunctions\arm_lms_f32.c.o
Compiling .pio\build\esp32-s3-devkitc-1-n16r8v\lib168\ToFan-project-1_inferencing\edge-impulse-sdk\CMSIS\DSP\Source\FilteringFunctions\arm_lms_init_f32.c.o
Archiving .pio\build\esp32-s3-devkitc-1-n16r8v\lib549\libESP32-audioI2S.a
Compiling .pio\build\esp32-s3-devkitc-1-n16r8v\lib168\ToFan-project-1_inferencing\edge-impulse-sdk\CMSIS\DSP\Source\FilteringFunctions\arm_lms_init_q15.c.o
Compiling .pio\build\esp32-s3-devkitc-1-n16r8v\lib168\ToFan-project-1_inferencing\edge-impulse-sdk\CMSIS\DSP\Source\FilteringFunctions\arm_lms_init_q31.c.o
Compiling .pio\build\esp32-s3-devkitc-1-n16r8v\lib168\ToFan-project-1_inferencing\edge-impulse-sdk\CMSIS\DSP\Source\FilteringFunctions\arm_lms_norm_f32.c.o
Compiling .pio\build\esp32-s3-devkitc-1-n16r8v\lib168\ToFan-project-1_inferencing\edge-impulse-sdk\CMSIS\DSP\Source\FilteringFunctions\arm_lms_norm_init_f32.c.o
Compiling .pio\build\esp32-s3-devkitc-1-n16r8v\lib168\ToFan-project-1_inferencing\edge-impulse-sdk\CMSIS\DSP\Source\FilteringFunctions\arm_lms_norm_init_q15.c.o
Indexing .pio\build\esp32-s3-devkitc-1-n16r8v\lib549\libESP32-audioI2S.a
Compiling .pio\build\esp32-s3-devkitc-1-n16r8v\lib168\ToFan-project-1_inferencing\edge-impulse-sdk\CMSIS\DSP\Source\FilteringFunctions\arm_lms_norm_init_q31.c.o
Compiling .pio\build\esp32-s3-devkitc-1-n16r8v\lib168\ToFan-project-1_inferencing\edge-impulse-sdk\CMSIS\DSP\Source\FilteringFunctions\arm_lms_norm_q15.c.o
Compiling .pio\build\esp32-s3-devkitc-1-n16r8v\lib168\ToFan-project-1_inferencing\edge-impulse-sdk\CMSIS\DSP\Source\FilteringFunctions\arm_lms_norm_q31.c.o
Compiling .pio\build\esp32-s3-devkitc-1-n16r8v\lib168\ToFan-project-1_inferencing\edge-impulse-sdk\CMSIS\DSP\Source\FilteringFunctions\arm_lms_q15.c.o
Compiling .pio\build\esp32-s3-devkitc-1-n16r8v\lib168\ToFan-project-1_inferencing\edge-impulse-sdk\CMSIS\DSP\Source\FilteringFunctions\arm_lms_q31.c.o
Compiling .pio\build\esp32-s3-devkitc-1-n16r8v\lib168\ToFan-project-1_inferencing\edge-impulse-sdk\CMSIS\DSP\Source\InterpolationFunctions\arm_bilinear_interp_f16.c.o
Compiling .pio\build\esp32-s3-devkitc-1-n16r8v\lib168\ToFan-project-1_inferencing\edge-impulse-sdk\CMSIS\DSP\Source\InterpolationFunctions\arm_bilinear_interp_f32.c.o
Compiling .pio\build\esp32-s3-devkitc-1-n16r8v\lib168\ToFan-project-1_inferencing\edge-impulse-sdk\CMSIS\DSP\Source\InterpolationFunctions\arm_bilinear_interp_q15.c.o
Compiling .pio\build\esp32-s3-devkitc-1-n16r8v\lib168\ToFan-project-1_inferencing\edge-impulse-sdk\CMSIS\DSP\Source\InterpolationFunctions\arm_bilinear_interp_q31.c.o
Compiling .pio\build\esp32-s3-devkitc-1-n16r8v\lib168\ToFan-project-1_inferencing\edge-impulse-sdk\CMSIS\DSP\Source\InterpolationFunctions\arm_bilinear_interp_q7.c.o
Compiling .pio\build\esp32-s3-devkitc-1-n16r8v\lib168\ToFan-project-1_inferencing\edge-impulse-sdk\CMSIS\DSP\Source\InterpolationFunctions\arm_linear_interp_f16.c.o
Compiling .pio\build\esp32-s3-devkitc-1-n16r8v\lib168\ToFan-project-1_inferencing\edge-impulse-sdk\CMSIS\DSP\Source\InterpolationFunctions\arm_linear_interp_f32.c.o
Compiling .pio\build\esp32-s3-devkitc-1-n16r8v\lib168\ToFan-project-1_inferencing\edge-impulse-sdk\CMSIS\DSP\Source\InterpolationFunctions\arm_linear_interp_q15.c.o
Compiling .pio\build\esp32-s3-devkitc-1-n16r8v\lib168\ToFan-project-1_inferencing\edge-impulse-sdk\CMSIS\DSP\Source\InterpolationFunctions\arm_linear_interp_q31.c.o
Compiling .pio\build\esp32-s3-devkitc-1-n16r8v\lib168\ToFan-project-1_inferencing\edge-impulse-sdk\CMSIS\DSP\Source\InterpolationFunctions\arm_linear_interp_q7.c.o
Compiling .pio\build\esp32-s3-devkitc-1-n16r8v\lib168\ToFan-project-1_inferencing\edge-impulse-sdk\CMSIS\DSP\Source\InterpolationFunctions\arm_spline_interp_f32.c.o
Compiling .pio\build\esp32-s3-devkitc-1-n16r8v\lib168\ToFan-project-1_inferencing\edge-impulse-sdk\CMSIS\DSP\Source\InterpolationFunctions\arm_spline_interp_init_f32.c.o
Compiling .pio\build\esp32-s3-devkitc-1-n16r8v\lib168\ToFan-project-1_inferencing\edge-impulse-sdk\CMSIS\DSP\Source\MatrixFunctions\arm_householder_f16.c.o
Compiling .pio\build\esp32-s3-devkitc-1-n16r8v\lib168\ToFan-project-1_inferencing\edge-impulse-sdk\CMSIS\DSP\Source\MatrixFunctions\arm_householder_f32.c.o
Compiling .pio\build\esp32-s3-devkitc-1-n16r8v\lib168\ToFan-project-1_inferencing\edge-impulse-sdk\CMSIS\DSP\Source\MatrixFunctions\arm_householder_f64.c.o
Compiling .pio\build\esp32-s3-devkitc-1-n16r8v\lib168\ToFan-project-1_inferencing\edge-impulse-sdk\CMSIS\DSP\Source\MatrixFunctions\arm_mat_add_f16.c.o
Compiling .pio\build\esp32-s3-devkitc-1-n16r8v\lib168\ToFan-project-1_inferencing\edge-impulse-sdk\CMSIS\DSP\Source\MatrixFunctions\arm_mat_add_f32.c.o
Compiling .pio\build\esp32-s3-devkitc-1-n16r8v\lib168\ToFan-project-1_inferencing\edge-impulse-sdk\CMSIS\DSP\Source\MatrixFunctions\arm_mat_add_q15.c.o
Compiling .pio\build\esp32-s3-devkitc-1-n16r8v\lib168\ToFan-project-1_inferencing\edge-impulse-sdk\CMSIS\DSP\Source\MatrixFunctions\arm_mat_add_q31.c.o
Compiling .pio\build\esp32-s3-devkitc-1-n16r8v\lib168\ToFan-project-1_inferencing\edge-impulse-sdk\CMSIS\DSP\Source\MatrixFunctions\arm_mat_cholesky_f16.c.o
Compiling .pio\build\esp32-s3-devkitc-1-n16r8v\lib168\ToFan-project-1_inferencing\edge-impulse-sdk\CMSIS\DSP\Source\MatrixFunctions\arm_mat_cholesky_f32.c.o
Compiling .pio\build\esp32-s3-devkitc-1-n16r8v\lib168\ToFan-project-1_inferencing\edge-impulse-sdk\CMSIS\DSP\Source\MatrixFunctions\arm_mat_cholesky_f64.c.o
Compiling .pio\build\esp32-s3-devkitc-1-n16r8v\lib168\ToFan-project-1_inferencing\edge-impulse-sdk\CMSIS\DSP\Source\MatrixFunctions\arm_mat_cmplx_mult_f16.c.o
Compiling .pio\build\esp32-s3-devkitc-1-n16r8v\lib168\ToFan-project-1_inferencing\edge-impulse-sdk\CMSIS\DSP\Source\MatrixFunctions\arm_mat_cmplx_mult_f32.c.o
Compiling .pio\build\esp32-s3-devkitc-1-n16r8v\lib168\ToFan-project-1_inferencing\edge-impulse-sdk\CMSIS\DSP\Source\MatrixFunctions\arm_mat_cmplx_mult_q15.c.o
Compiling .pio\build\esp32-s3-devkitc-1-n16r8v\lib168\ToFan-project-1_inferencing\edge-impulse-sdk\CMSIS\DSP\Source\MatrixFunctions\arm_mat_cmplx_mult_q31.c.o
Compiling .pio\build\esp32-s3-devkitc-1-n16r8v\lib168\ToFan-project-1_inferencing\edge-impulse-sdk\CMSIS\DSP\Source\MatrixFunctions\arm_mat_cmplx_trans_f16.c.o
Compiling .pio\build\esp32-s3-devkitc-1-n16r8v\lib168\ToFan-project-1_inferencing\edge-impulse-sdk\CMSIS\DSP\Source\MatrixFunctions\arm_mat_cmplx_trans_f32.c.o
Compiling .pio\build\esp32-s3-devkitc-1-n16r8v\lib168\ToFan-project-1_inferencing\edge-impulse-sdk\CMSIS\DSP\Source\MatrixFunctions\arm_mat_cmplx_trans_q15.c.o
Compiling .pio\build\esp32-s3-devkitc-1-n16r8v\lib168\ToFan-project-1_inferencing\edge-impulse-sdk\CMSIS\DSP\Source\MatrixFunctions\arm_mat_cmplx_trans_q31.c.o
Compiling .pio\build\esp32-s3-devkitc-1-n16r8v\lib168\ToFan-project-1_inferencing\edge-impulse-sdk\CMSIS\DSP\Source\MatrixFunctions\arm_mat_init_f16.c.o
Compiling .pio\build\esp32-s3-devkitc-1-n16r8v\lib168\ToFan-project-1_inferencing\edge-impulse-sdk\CMSIS\DSP\Source\MatrixFunctions\arm_mat_init_f32.c.o
Compiling .pio\build\esp32-s3-devkitc-1-n16r8v\lib168\ToFan-project-1_inferencing\edge-impulse-sdk\CMSIS\DSP\Source\MatrixFunctions\arm_mat_init_q15.c.o
Compiling .pio\build\esp32-s3-devkitc-1-n16r8v\lib168\ToFan-project-1_inferencing\edge-impulse-sdk\CMSIS\DSP\Source\MatrixFunctions\arm_mat_init_q31.c.o
Compiling .pio\build\esp32-s3-devkitc-1-n16r8v\lib168\ToFan-project-1_inferencing\edge-impulse-sdk\CMSIS\DSP\Source\MatrixFunctions\arm_mat_inverse_f16.c.o
Compiling .pio\build\esp32-s3-devkitc-1-n16r8v\lib168\ToFan-project-1_inferencing\edge-impulse-sdk\CMSIS\DSP\Source\MatrixFunctions\arm_mat_inverse_f32.c.o
Compiling .pio\build\esp32-s3-devkitc-1-n16r8v\lib168\ToFan-project-1_inferencing\edge-impulse-sdk\CMSIS\DSP\Source\MatrixFunctions\arm_mat_inverse_f64.c.o
Compiling .pio\build\esp32-s3-devkitc-1-n16r8v\lib168\ToFan-project-1_inferencing\edge-impulse-sdk\CMSIS\DSP\Source\MatrixFunctions\arm_mat_ldlt_f32.c.o
Compiling .pio\build\esp32-s3-devkitc-1-n16r8v\lib168\ToFan-project-1_inferencing\edge-impulse-sdk\CMSIS\DSP\Source\MatrixFunctions\arm_mat_ldlt_f64.c.o
Compiling .pio\build\esp32-s3-devkitc-1-n16r8v\lib168\ToFan-project-1_inferencing\edge-impulse-sdk\CMSIS\DSP\Source\MatrixFunctions\arm_mat_mult_f16.c.o
Compiling .pio\build\esp32-s3-devkitc-1-n16r8v\lib168\ToFan-project-1_inferencing\edge-impulse-sdk\CMSIS\DSP\Source\MatrixFunctions\arm_mat_mult_f32.c.o
Compiling .pio\build\esp32-s3-devkitc-1-n16r8v\lib168\ToFan-project-1_inferencing\edge-impulse-sdk\CMSIS\DSP\Source\MatrixFunctions\arm_mat_mult_f64.c.o
Compiling .pio\build\esp32-s3-devkitc-1-n16r8v\lib168\ToFan-project-1_inferencing\edge-impulse-sdk\CMSIS\DSP\Source\MatrixFunctions\arm_mat_mult_fast_q15.c.o
Compiling .pio\build\esp32-s3-devkitc-1-n16r8v\lib168\ToFan-project-1_inferencing\edge-impulse-sdk\CMSIS\DSP\Source\MatrixFunctions\arm_mat_mult_fast_q31.c.o
Compiling .pio\build\esp32-s3-devkitc-1-n16r8v\lib168\ToFan-project-1_inferencing\edge-impulse-sdk\CMSIS\DSP\Source\MatrixFunctions\arm_mat_mult_opt_q31.c.o
Compiling .pio\build\esp32-s3-devkitc-1-n16r8v\lib168\ToFan-project-1_inferencing\edge-impulse-sdk\CMSIS\DSP\Source\MatrixFunctions\arm_mat_mult_q15.c.o
Compiling .pio\build\esp32-s3-devkitc-1-n16r8v\lib168\ToFan-project-1_inferencing\edge-impulse-sdk\CMSIS\DSP\Source\MatrixFunctions\arm_mat_mult_q31.c.o
Compiling .pio\build\esp32-s3-devkitc-1-n16r8v\lib168\ToFan-project-1_inferencing\edge-impulse-sdk\CMSIS\DSP\Source\MatrixFunctions\arm_mat_mult_q7.c.o
Compiling .pio\build\esp32-s3-devkitc-1-n16r8v\lib168\ToFan-project-1_inferencing\edge-impulse-sdk\CMSIS\DSP\Source\MatrixFunctions\arm_mat_qr_f16.c.o
Compiling .pio\build\esp32-s3-devkitc-1-n16r8v\lib168\ToFan-project-1_inferencing\edge-impulse-sdk\CMSIS\DSP\Source\MatrixFunctions\arm_mat_qr_f32.c.o
Compiling .pio\build\esp32-s3-devkitc-1-n16r8v\lib168\ToFan-project-1_inferencing\edge-impulse-sdk\CMSIS\DSP\Source\MatrixFunctions\arm_mat_qr_f64.c.o
Compiling .pio\build\esp32-s3-devkitc-1-n16r8v\lib168\ToFan-project-1_inferencing\edge-impulse-sdk\CMSIS\DSP\Source\MatrixFunctions\arm_mat_scale_f16.c.o
Compiling .pio\build\esp32-s3-devkitc-1-n16r8v\lib168\ToFan-project-1_inferencing\edge-impulse-sdk\CMSIS\DSP\Source\MatrixFunctions\arm_mat_scale_f32.c.o
Compiling .pio\build\esp32-s3-devkitc-1-n16r8v\lib168\ToFan-project-1_inferencing\edge-impulse-sdk\CMSIS\DSP\Source\MatrixFunctions\arm_mat_scale_q15.c.o
Compiling .pio\build\esp32-s3-devkitc-1-n16r8v\lib168\ToFan-project-1_inferencing\edge-impulse-sdk\CMSIS\DSP\Source\MatrixFunctions\arm_mat_scale_q31.c.o
Compiling .pio\build\esp32-s3-devkitc-1-n16r8v\lib168\ToFan-project-1_inferencing\edge-impulse-sdk\CMSIS\DSP\Source\MatrixFunctions\arm_mat_solve_lower_triangular_f16.c.o
Compiling .pio\build\esp32-s3-devkitc-1-n16r8v\lib168\ToFan-project-1_inferencing\edge-impulse-sdk\CMSIS\DSP\Source\MatrixFunctions\arm_mat_solve_lower_triangular_f32.c.o
Compiling .pio\build\esp32-s3-devkitc-1-n16r8v\lib168\ToFan-project-1_inferencing\edge-impulse-sdk\CMSIS\DSP\Source\MatrixFunctions\arm_mat_solve_lower_triangular_f64.c.o
Compiling .pio\build\esp32-s3-devkitc-1-n16r8v\lib168\ToFan-project-1_inferencing\edge-impulse-sdk\CMSIS\DSP\Source\MatrixFunctions\arm_mat_solve_upper_triangular_f16.c.o
Compiling .pio\build\esp32-s3-devkitc-1-n16r8v\lib168\ToFan-project-1_inferencing\edge-impulse-sdk\CMSIS\DSP\Source\MatrixFunctions\arm_mat_solve_upper_triangular_f32.c.o
Compiling .pio\build\esp32-s3-devkitc-1-n16r8v\lib168\ToFan-project-1_inferencing\edge-impulse-sdk\CMSIS\DSP\Source\MatrixFunctions\arm_mat_solve_upper_triangular_f64.c.o
Compiling .pio\build\esp32-s3-devkitc-1-n16r8v\lib168\ToFan-project-1_inferencing\edge-impulse-sdk\CMSIS\DSP\Source\MatrixFunctions\arm_mat_sub_f16.c.o
Compiling .pio\build\esp32-s3-devkitc-1-n16r8v\lib168\ToFan-project-1_inferencing\edge-impulse-sdk\CMSIS\DSP\Source\MatrixFunctions\arm_mat_sub_f32.c.o
Compiling .pio\build\esp32-s3-devkitc-1-n16r8v\lib168\ToFan-project-1_inferencing\edge-impulse-sdk\CMSIS\DSP\Source\MatrixFunctions\arm_mat_sub_f64.c.o
Compiling .pio\build\esp32-s3-devkitc-1-n16r8v\lib168\ToFan-project-1_inferencing\edge-impulse-sdk\CMSIS\DSP\Source\MatrixFunctions\arm_mat_sub_q15.c.o
Compiling .pio\build\esp32-s3-devkitc-1-n16r8v\lib168\ToFan-project-1_inferencing\edge-impulse-sdk\CMSIS\DSP\Source\MatrixFunctions\arm_mat_sub_q31.c.o
Compiling .pio\build\esp32-s3-devkitc-1-n16r8v\lib168\ToFan-project-1_inferencing\edge-impulse-sdk\CMSIS\DSP\Source\MatrixFunctions\arm_mat_trans_f16.c.o
Compiling .pio\build\esp32-s3-devkitc-1-n16r8v\lib168\ToFan-project-1_inferencing\edge-impulse-sdk\CMSIS\DSP\Source\MatrixFunctions\arm_mat_trans_f32.c.o
Compiling .pio\build\esp32-s3-devkitc-1-n16r8v\lib168\ToFan-project-1_inferencing\edge-impulse-sdk\CMSIS\DSP\Source\MatrixFunctions\arm_mat_trans_f64.c.o
Compiling .pio\build\esp32-s3-devkitc-1-n16r8v\lib168\ToFan-project-1_inferencing\edge-impulse-sdk\CMSIS\DSP\Source\MatrixFunctions\arm_mat_trans_q15.c.o
Compiling .pio\build\esp32-s3-devkitc-1-n16r8v\lib168\ToFan-project-1_inferencing\edge-impulse-sdk\CMSIS\DSP\Source\MatrixFunctions\arm_mat_trans_q31.c.o
Compiling .pio\build\esp32-s3-devkitc-1-n16r8v\lib168\ToFan-project-1_inferencing\edge-impulse-sdk\CMSIS\DSP\Source\MatrixFunctions\arm_mat_trans_q7.c.o
Compiling .pio\build\esp32-s3-devkitc-1-n16r8v\lib168\ToFan-project-1_inferencing\edge-impulse-sdk\CMSIS\DSP\Source\MatrixFunctions\arm_mat_vec_mult_f16.c.o
Compiling .pio\build\esp32-s3-devkitc-1-n16r8v\lib168\ToFan-project-1_inferencing\edge-impulse-sdk\CMSIS\DSP\Source\MatrixFunctions\arm_mat_vec_mult_f32.c.o
Compiling .pio\build\esp32-s3-devkitc-1-n16r8v\lib168\ToFan-project-1_inferencing\edge-impulse-sdk\CMSIS\DSP\Source\MatrixFunctions\arm_mat_vec_mult_q15.c.o
Compiling .pio\build\esp32-s3-devkitc-1-n16r8v\lib168\ToFan-project-1_inferencing\edge-impulse-sdk\CMSIS\DSP\Source\MatrixFunctions\arm_mat_vec_mult_q31.c.o
Compiling .pio\build\esp32-s3-devkitc-1-n16r8v\lib168\ToFan-project-1_inferencing\edge-impulse-sdk\CMSIS\DSP\Source\MatrixFunctions\arm_mat_vec_mult_q7.c.o
Compiling .pio\build\esp32-s3-devkitc-1-n16r8v\lib168\ToFan-project-1_inferencing\edge-impulse-sdk\CMSIS\DSP\Source\QuaternionMathFunctions\arm_quaternion2rotation_f32.c.o
Compiling .pio\build\esp32-s3-devkitc-1-n16r8v\lib168\ToFan-project-1_inferencing\edge-impulse-sdk\CMSIS\DSP\Source\QuaternionMathFunctions\arm_quaternion_conjugate_f32.c.o
Compiling .pio\build\esp32-s3-devkitc-1-n16r8v\lib168\ToFan-project-1_inferencing\edge-impulse-sdk\CMSIS\DSP\Source\QuaternionMathFunctions\arm_quaternion_inverse_f32.c.o
Compiling .pio\build\esp32-s3-devkitc-1-n16r8v\lib168\ToFan-project-1_inferencing\edge-impulse-sdk\CMSIS\DSP\Source\QuaternionMathFunctions\arm_quaternion_norm_f32.c.o
Compiling .pio\build\esp32-s3-devkitc-1-n16r8v\lib168\ToFan-project-1_inferencing\edge-impulse-sdk\CMSIS\DSP\Source\QuaternionMathFunctions\arm_quaternion_normalize_f32.c.o
Compiling .pio\build\esp32-s3-devkitc-1-n16r8v\lib168\ToFan-project-1_inferencing\edge-impulse-sdk\CMSIS\DSP\Source\QuaternionMathFunctions\arm_quaternion_product_f32.c.o
Compiling .pio\build\esp32-s3-devkitc-1-n16r8v\lib168\ToFan-project-1_inferencing\edge-impulse-sdk\CMSIS\DSP\Source\QuaternionMathFunctions\arm_quaternion_product_single_f32.c.o
Compiling .pio\build\esp32-s3-devkitc-1-n16r8v\lib168\ToFan-project-1_inferencing\edge-impulse-sdk\CMSIS\DSP\Source\QuaternionMathFunctions\arm_rotation2quaternion_f32.c.o
Compiling .pio\build\esp32-s3-devkitc-1-n16r8v\lib168\ToFan-project-1_inferencing\edge-impulse-sdk\CMSIS\DSP\Source\SVMFunctions\arm_svm_linear_init_f16.c.o
Compiling .pio\build\esp32-s3-devkitc-1-n16r8v\lib168\ToFan-project-1_inferencing\edge-impulse-sdk\CMSIS\DSP\Source\SVMFunctions\arm_svm_linear_init_f32.c.o
Compiling .pio\build\esp32-s3-devkitc-1-n16r8v\lib168\ToFan-project-1_inferencing\edge-impulse-sdk\CMSIS\DSP\Source\SVMFunctions\arm_svm_linear_predict_f16.c.o
Compiling .pio\build\esp32-s3-devkitc-1-n16r8v\lib168\ToFan-project-1_inferencing\edge-impulse-sdk\CMSIS\DSP\Source\SVMFunctions\arm_svm_linear_predict_f32.c.o
Compiling .pio\build\esp32-s3-devkitc-1-n16r8v\lib168\ToFan-project-1_inferencing\edge-impulse-sdk\CMSIS\DSP\Source\SVMFunctions\arm_svm_polynomial_init_f16.c.o
Compiling .pio\build\esp32-s3-devkitc-1-n16r8v\lib168\ToFan-project-1_inferencing\edge-impulse-sdk\CMSIS\DSP\Source\SVMFunctions\arm_svm_polynomial_init_f32.c.o
Compiling .pio\build\esp32-s3-devkitc-1-n16r8v\lib168\ToFan-project-1_inferencing\edge-impulse-sdk\CMSIS\DSP\Source\SVMFunctions\arm_svm_polynomial_predict_f16.c.o
Compiling .pio\build\esp32-s3-devkitc-1-n16r8v\lib168\ToFan-project-1_inferencing\edge-impulse-sdk\CMSIS\DSP\Source\SVMFunctions\arm_svm_polynomial_predict_f32.c.o
Compiling .pio\build\esp32-s3-devkitc-1-n16r8v\lib168\ToFan-project-1_inferencing\edge-impulse-sdk\CMSIS\DSP\Source\SVMFunctions\arm_svm_rbf_init_f16.c.o
Compiling .pio\build\esp32-s3-devkitc-1-n16r8v\lib168\ToFan-project-1_inferencing\edge-impulse-sdk\CMSIS\DSP\Source\SVMFunctions\arm_svm_rbf_init_f32.c.o
Compiling .pio\build\esp32-s3-devkitc-1-n16r8v\lib168\ToFan-project-1_inferencing\edge-impulse-sdk\CMSIS\DSP\Source\SVMFunctions\arm_svm_rbf_predict_f16.c.o
Compiling .pio\build\esp32-s3-devkitc-1-n16r8v\lib168\ToFan-project-1_inferencing\edge-impulse-sdk\CMSIS\DSP\Source\SVMFunctions\arm_svm_rbf_predict_f32.c.o
Compiling .pio\build\esp32-s3-devkitc-1-n16r8v\lib168\ToFan-project-1_inferencing\edge-impulse-sdk\CMSIS\DSP\Source\SVMFunctions\arm_svm_sigmoid_init_f16.c.o
Compiling .pio\build\esp32-s3-devkitc-1-n16r8v\lib168\ToFan-project-1_inferencing\edge-impulse-sdk\CMSIS\DSP\Source\SVMFunctions\arm_svm_sigmoid_init_f32.c.o
Compiling .pio\build\esp32-s3-devkitc-1-n16r8v\lib168\ToFan-project-1_inferencing\edge-impulse-sdk\CMSIS\DSP\Source\SVMFunctions\arm_svm_sigmoid_predict_f16.c.o
Compiling .pio\build\esp32-s3-devkitc-1-n16r8v\lib168\ToFan-project-1_inferencing\edge-impulse-sdk\CMSIS\DSP\Source\SVMFunctions\arm_svm_sigmoid_predict_f32.c.o
Compiling .pio\build\esp32-s3-devkitc-1-n16r8v\lib168\ToFan-project-1_inferencing\edge-impulse-sdk\CMSIS\DSP\Source\StatisticsFunctions\arm_absmax_f16.c.o
Compiling .pio\build\esp32-s3-devkitc-1-n16r8v\lib168\ToFan-project-1_inferencing\edge-impulse-sdk\CMSIS\DSP\Source\StatisticsFunctions\arm_absmax_f32.c.o
Compiling .pio\build\esp32-s3-devkitc-1-n16r8v\lib168\ToFan-project-1_inferencing\edge-impulse-sdk\CMSIS\DSP\Source\StatisticsFunctions\arm_absmax_f64.c.o
Compiling .pio\build\esp32-s3-devkitc-1-n16r8v\lib168\ToFan-project-1_inferencing\edge-impulse-sdk\CMSIS\DSP\Source\StatisticsFunctions\arm_absmax_no_idx_f16.c.o
Compiling .pio\build\esp32-s3-devkitc-1-n16r8v\lib168\ToFan-project-1_inferencing\edge-impulse-sdk\CMSIS\DSP\Source\StatisticsFunctions\arm_absmax_no_idx_f32.c.o
Compiling .pio\build\esp32-s3-devkitc-1-n16r8v\lib168\ToFan-project-1_inferencing\edge-impulse-sdk\CMSIS\DSP\Source\StatisticsFunctions\arm_absmax_no_idx_f64.c.o
Compiling .pio\build\esp32-s3-devkitc-1-n16r8v\lib168\ToFan-project-1_inferencing\edge-impulse-sdk\CMSIS\DSP\Source\StatisticsFunctions\arm_absmax_no_idx_q15.c.o
Compiling .pio\build\esp32-s3-devkitc-1-n16r8v\lib168\ToFan-project-1_inferencing\edge-impulse-sdk\CMSIS\DSP\Source\StatisticsFunctions\arm_absmax_no_idx_q31.c.o
Compiling .pio\build\esp32-s3-devkitc-1-n16r8v\lib168\ToFan-project-1_inferencing\edge-impulse-sdk\CMSIS\DSP\Source\StatisticsFunctions\arm_absmax_no_idx_q7.c.o
Compiling .pio\build\esp32-s3-devkitc-1-n16r8v\lib168\ToFan-project-1_inferencing\edge-impulse-sdk\CMSIS\DSP\Source\StatisticsFunctions\arm_absmax_q15.c.o
Compiling .pio\build\esp32-s3-devkitc-1-n16r8v\lib168\ToFan-project-1_inferencing\edge-impulse-sdk\CMSIS\DSP\Source\StatisticsFunctions\arm_absmax_q31.c.o
Compiling .pio\build\esp32-s3-devkitc-1-n16r8v\lib168\ToFan-project-1_inferencing\edge-impulse-sdk\CMSIS\DSP\Source\StatisticsFunctions\arm_absmax_q7.c.o
Compiling .pio\build\esp32-s3-devkitc-1-n16r8v\lib168\ToFan-project-1_inferencing\edge-impulse-sdk\CMSIS\DSP\Source\StatisticsFunctions\arm_absmin_f16.c.o
Compiling .pio\build\esp32-s3-devkitc-1-n16r8v\lib168\ToFan-project-1_inferencing\edge-impulse-sdk\CMSIS\DSP\Source\StatisticsFunctions\arm_absmin_f32.c.o
Compiling .pio\build\esp32-s3-devkitc-1-n16r8v\lib168\ToFan-project-1_inferencing\edge-impulse-sdk\CMSIS\DSP\Source\StatisticsFunctions\arm_absmin_f64.c.o
Compiling .pio\build\esp32-s3-devkitc-1-n16r8v\lib168\ToFan-project-1_inferencing\edge-impulse-sdk\CMSIS\DSP\Source\StatisticsFunctions\arm_absmin_no_idx_f16.c.o
Compiling .pio\build\esp32-s3-devkitc-1-n16r8v\lib168\ToFan-project-1_inferencing\edge-impulse-sdk\CMSIS\DSP\Source\StatisticsFunctions\arm_absmin_no_idx_f32.c.o
Compiling .pio\build\esp32-s3-devkitc-1-n16r8v\lib168\ToFan-project-1_inferencing\edge-impulse-sdk\CMSIS\DSP\Source\StatisticsFunctions\arm_absmin_no_idx_f64.c.o
Compiling .pio\build\esp32-s3-devkitc-1-n16r8v\lib168\ToFan-project-1_inferencing\edge-impulse-sdk\CMSIS\DSP\Source\StatisticsFunctions\arm_absmin_no_idx_q15.c.o
Compiling .pio\build\esp32-s3-devkitc-1-n16r8v\lib168\ToFan-project-1_inferencing\edge-impulse-sdk\CMSIS\DSP\Source\StatisticsFunctions\arm_absmin_no_idx_q31.c.o
Compiling .pio\build\esp32-s3-devkitc-1-n16r8v\lib168\ToFan-project-1_inferencing\edge-impulse-sdk\CMSIS\DSP\Source\StatisticsFunctions\arm_absmin_no_idx_q7.c.o
Compiling .pio\build\esp32-s3-devkitc-1-n16r8v\lib168\ToFan-project-1_inferencing\edge-impulse-sdk\CMSIS\DSP\Source\StatisticsFunctions\arm_absmin_q15.c.o
Compiling .pio\build\esp32-s3-devkitc-1-n16r8v\lib168\ToFan-project-1_inferencing\edge-impulse-sdk\CMSIS\DSP\Source\StatisticsFunctions\arm_absmin_q31.c.o
Compiling .pio\build\esp32-s3-devkitc-1-n16r8v\lib168\ToFan-project-1_inferencing\edge-impulse-sdk\CMSIS\DSP\Source\StatisticsFunctions\arm_absmin_q7.c.o
Compiling .pio\build\esp32-s3-devkitc-1-n16r8v\lib168\ToFan-project-1_inferencing\edge-impulse-sdk\CMSIS\DSP\Source\StatisticsFunctions\arm_accumulate_f16.c.o
Compiling .pio\build\esp32-s3-devkitc-1-n16r8v\lib168\ToFan-project-1_inferencing\edge-impulse-sdk\CMSIS\DSP\Source\StatisticsFunctions\arm_accumulate_f32.c.o
Compiling .pio\build\esp32-s3-devkitc-1-n16r8v\lib168\ToFan-project-1_inferencing\edge-impulse-sdk\CMSIS\DSP\Source\StatisticsFunctions\arm_accumulate_f64.c.o
Compiling .pio\build\esp32-s3-devkitc-1-n16r8v\lib168\ToFan-project-1_inferencing\edge-impulse-sdk\CMSIS\DSP\Source\StatisticsFunctions\arm_entropy_f16.c.o
Compiling .pio\build\esp32-s3-devkitc-1-n16r8v\lib168\ToFan-project-1_inferencing\edge-impulse-sdk\CMSIS\DSP\Source\StatisticsFunctions\arm_entropy_f32.c.o
Compiling .pio\build\esp32-s3-devkitc-1-n16r8v\lib168\ToFan-project-1_inferencing\edge-impulse-sdk\CMSIS\DSP\Source\StatisticsFunctions\arm_entropy_f64.c.o
Compiling .pio\build\esp32-s3-devkitc-1-n16r8v\lib168\ToFan-project-1_inferencing\edge-impulse-sdk\CMSIS\DSP\Source\StatisticsFunctions\arm_kullback_leibler_f16.c.o
Compiling .pio\build\esp32-s3-devkitc-1-n16r8v\lib168\ToFan-project-1_inferencing\edge-impulse-sdk\CMSIS\DSP\Source\StatisticsFunctions\arm_kullback_leibler_f32.c.o
Compiling .pio\build\esp32-s3-devkitc-1-n16r8v\lib168\ToFan-project-1_inferencing\edge-impulse-sdk\CMSIS\DSP\Source\StatisticsFunctions\arm_kullback_leibler_f64.c.o
Compiling .pio\build\esp32-s3-devkitc-1-n16r8v\lib168\ToFan-project-1_inferencing\edge-impulse-sdk\CMSIS\DSP\Source\StatisticsFunctions\arm_logsumexp_dot_prod_f16.c.o
Compiling .pio\build\esp32-s3-devkitc-1-n16r8v\lib168\ToFan-project-1_inferencing\edge-impulse-sdk\CMSIS\DSP\Source\StatisticsFunctions\arm_logsumexp_dot_prod_f32.c.o
Compiling .pio\build\esp32-s3-devkitc-1-n16r8v\lib168\ToFan-project-1_inferencing\edge-impulse-sdk\CMSIS\DSP\Source\StatisticsFunctions\arm_logsumexp_f16.c.o
Compiling .pio\build\esp32-s3-devkitc-1-n16r8v\lib168\ToFan-project-1_inferencing\edge-impulse-sdk\CMSIS\DSP\Source\StatisticsFunctions\arm_logsumexp_f32.c.o
Compiling .pio\build\esp32-s3-devkitc-1-n16r8v\lib168\ToFan-project-1_inferencing\edge-impulse-sdk\CMSIS\DSP\Source\StatisticsFunctions\arm_max_f16.c.o
Compiling .pio\build\esp32-s3-devkitc-1-n16r8v\lib168\ToFan-project-1_inferencing\edge-impulse-sdk\CMSIS\DSP\Source\StatisticsFunctions\arm_max_f32.c.o
Compiling .pio\build\esp32-s3-devkitc-1-n16r8v\lib168\ToFan-project-1_inferencing\edge-impulse-sdk\CMSIS\DSP\Source\StatisticsFunctions\arm_max_f64.c.o
Compiling .pio\build\esp32-s3-devkitc-1-n16r8v\lib168\ToFan-project-1_inferencing\edge-impulse-sdk\CMSIS\DSP\Source\StatisticsFunctions\arm_max_no_idx_f16.c.o
Compiling .pio\build\esp32-s3-devkitc-1-n16r8v\lib168\ToFan-project-1_inferencing\edge-impulse-sdk\CMSIS\DSP\Source\StatisticsFunctions\arm_max_no_idx_f32.c.o
Compiling .pio\build\esp32-s3-devkitc-1-n16r8v\lib168\ToFan-project-1_inferencing\edge-impulse-sdk\CMSIS\DSP\Source\StatisticsFunctions\arm_max_no_idx_f64.c.o
Compiling .pio\build\esp32-s3-devkitc-1-n16r8v\lib168\ToFan-project-1_inferencing\edge-impulse-sdk\CMSIS\DSP\Source\StatisticsFunctions\arm_max_no_idx_q15.c.o
Compiling .pio\build\esp32-s3-devkitc-1-n16r8v\lib168\ToFan-project-1_inferencing\edge-impulse-sdk\CMSIS\DSP\Source\StatisticsFunctions\arm_max_no_idx_q31.c.o
Compiling .pio\build\esp32-s3-devkitc-1-n16r8v\lib168\ToFan-project-1_inferencing\edge-impulse-sdk\CMSIS\DSP\Source\StatisticsFunctions\arm_max_no_idx_q7.c.o
Compiling .pio\build\esp32-s3-devkitc-1-n16r8v\lib168\ToFan-project-1_inferencing\edge-impulse-sdk\CMSIS\DSP\Source\StatisticsFunctions\arm_max_q15.c.o
Compiling .pio\build\esp32-s3-devkitc-1-n16r8v\lib168\ToFan-project-1_inferencing\edge-impulse-sdk\CMSIS\DSP\Source\StatisticsFunctions\arm_max_q31.c.o
Compiling .pio\build\esp32-s3-devkitc-1-n16r8v\lib168\ToFan-project-1_inferencing\edge-impulse-sdk\CMSIS\DSP\Source\StatisticsFunctions\arm_max_q7.c.o
Compiling .pio\build\esp32-s3-devkitc-1-n16r8v\lib168\ToFan-project-1_inferencing\edge-impulse-sdk\CMSIS\DSP\Source\StatisticsFunctions\arm_mean_f16.c.o
Compiling .pio\build\esp32-s3-devkitc-1-n16r8v\lib168\ToFan-project-1_inferencing\edge-impulse-sdk\CMSIS\DSP\Source\StatisticsFunctions\arm_mean_f32.c.o
Compiling .pio\build\esp32-s3-devkitc-1-n16r8v\lib168\ToFan-project-1_inferencing\edge-impulse-sdk\CMSIS\DSP\Source\StatisticsFunctions\arm_mean_f64.c.o
Compiling .pio\build\esp32-s3-devkitc-1-n16r8v\lib168\ToFan-project-1_inferencing\edge-impulse-sdk\CMSIS\DSP\Source\StatisticsFunctions\arm_mean_q15.c.o
Compiling .pio\build\esp32-s3-devkitc-1-n16r8v\lib168\ToFan-project-1_inferencing\edge-impulse-sdk\CMSIS\DSP\Source\StatisticsFunctions\arm_mean_q31.c.o
Compiling .pio\build\esp32-s3-devkitc-1-n16r8v\lib168\ToFan-project-1_inferencing\edge-impulse-sdk\CMSIS\DSP\Source\StatisticsFunctions\arm_mean_q7.c.o
Compiling .pio\build\esp32-s3-devkitc-1-n16r8v\lib168\ToFan-project-1_inferencing\edge-impulse-sdk\CMSIS\DSP\Source\StatisticsFunctions\arm_min_f16.c.o
Compiling .pio\build\esp32-s3-devkitc-1-n16r8v\lib168\ToFan-project-1_inferencing\edge-impulse-sdk\CMSIS\DSP\Source\StatisticsFunctions\arm_min_f32.c.o
Compiling .pio\build\esp32-s3-devkitc-1-n16r8v\lib168\ToFan-project-1_inferencing\edge-impulse-sdk\CMSIS\DSP\Source\StatisticsFunctions\arm_min_f64.c.o
Compiling .pio\build\esp32-s3-devkitc-1-n16r8v\lib168\ToFan-project-1_inferencing\edge-impulse-sdk\CMSIS\DSP\Source\StatisticsFunctions\arm_min_no_idx_f16.c.o
Compiling .pio\build\esp32-s3-devkitc-1-n16r8v\lib168\ToFan-project-1_inferencing\edge-impulse-sdk\CMSIS\DSP\Source\StatisticsFunctions\arm_min_no_idx_f32.c.o
Compiling .pio\build\esp32-s3-devkitc-1-n16r8v\lib168\ToFan-project-1_inferencing\edge-impulse-sdk\CMSIS\DSP\Source\StatisticsFunctions\arm_min_no_idx_f64.c.o
Compiling .pio\build\esp32-s3-devkitc-1-n16r8v\lib168\ToFan-project-1_inferencing\edge-impulse-sdk\CMSIS\DSP\Source\StatisticsFunctions\arm_min_no_idx_q15.c.o
Compiling .pio\build\esp32-s3-devkitc-1-n16r8v\lib168\ToFan-project-1_inferencing\edge-impulse-sdk\CMSIS\DSP\Source\StatisticsFunctions\arm_min_no_idx_q31.c.o
Compiling .pio\build\esp32-s3-devkitc-1-n16r8v\lib168\ToFan-project-1_inferencing\edge-impulse-sdk\CMSIS\DSP\Source\StatisticsFunctions\arm_min_no_idx_q7.c.o
Compiling .pio\build\esp32-s3-devkitc-1-n16r8v\lib168\ToFan-project-1_inferencing\edge-impulse-sdk\CMSIS\DSP\Source\StatisticsFunctions\arm_min_q15.c.o
Compiling .pio\build\esp32-s3-devkitc-1-n16r8v\lib168\ToFan-project-1_inferencing\edge-impulse-sdk\CMSIS\DSP\Source\StatisticsFunctions\arm_min_q31.c.o
Compiling .pio\build\esp32-s3-devkitc-1-n16r8v\lib168\ToFan-project-1_inferencing\edge-impulse-sdk\CMSIS\DSP\Source\StatisticsFunctions\arm_min_q7.c.o
Compiling .pio\build\esp32-s3-devkitc-1-n16r8v\lib168\ToFan-project-1_inferencing\edge-impulse-sdk\CMSIS\DSP\Source\StatisticsFunctions\arm_mse_f16.c.o
Compiling .pio\build\esp32-s3-devkitc-1-n16r8v\lib168\ToFan-project-1_inferencing\edge-impulse-sdk\CMSIS\DSP\Source\StatisticsFunctions\arm_mse_f32.c.o
Compiling .pio\build\esp32-s3-devkitc-1-n16r8v\lib168\ToFan-project-1_inferencing\edge-impulse-sdk\CMSIS\DSP\Source\StatisticsFunctions\arm_mse_f64.c.o
Compiling .pio\build\esp32-s3-devkitc-1-n16r8v\lib168\ToFan-project-1_inferencing\edge-impulse-sdk\CMSIS\DSP\Source\StatisticsFunctions\arm_mse_q15.c.o
Compiling .pio\build\esp32-s3-devkitc-1-n16r8v\lib168\ToFan-project-1_inferencing\edge-impulse-sdk\CMSIS\DSP\Source\StatisticsFunctions\arm_mse_q31.c.o
Compiling .pio\build\esp32-s3-devkitc-1-n16r8v\lib168\ToFan-project-1_inferencing\edge-impulse-sdk\CMSIS\DSP\Source\StatisticsFunctions\arm_mse_q7.c.o
Compiling .pio\build\esp32-s3-devkitc-1-n16r8v\lib168\ToFan-project-1_inferencing\edge-impulse-sdk\CMSIS\DSP\Source\StatisticsFunctions\arm_power_f16.c.o
Compiling .pio\build\esp32-s3-devkitc-1-n16r8v\lib168\ToFan-project-1_inferencing\edge-impulse-sdk\CMSIS\DSP\Source\StatisticsFunctions\arm_power_f32.c.o
Compiling .pio\build\esp32-s3-devkitc-1-n16r8v\lib168\ToFan-project-1_inferencing\edge-impulse-sdk\CMSIS\DSP\Source\StatisticsFunctions\arm_power_f64.c.o
Compiling .pio\build\esp32-s3-devkitc-1-n16r8v\lib168\ToFan-project-1_inferencing\edge-impulse-sdk\CMSIS\DSP\Source\StatisticsFunctions\arm_power_q15.c.o
Compiling .pio\build\esp32-s3-devkitc-1-n16r8v\lib168\ToFan-project-1_inferencing\edge-impulse-sdk\CMSIS\DSP\Source\StatisticsFunctions\arm_power_q31.c.o
Compiling .pio\build\esp32-s3-devkitc-1-n16r8v\lib168\ToFan-project-1_inferencing\edge-impulse-sdk\CMSIS\DSP\Source\StatisticsFunctions\arm_power_q7.c.o
Compiling .pio\build\esp32-s3-devkitc-1-n16r8v\lib168\ToFan-project-1_inferencing\edge-impulse-sdk\CMSIS\DSP\Source\StatisticsFunctions\arm_rms_f16.c.o
Compiling .pio\build\esp32-s3-devkitc-1-n16r8v\lib168\ToFan-project-1_inferencing\edge-impulse-sdk\CMSIS\DSP\Source\StatisticsFunctions\arm_rms_f32.c.o
Compiling .pio\build\esp32-s3-devkitc-1-n16r8v\lib168\ToFan-project-1_inferencing\edge-impulse-sdk\CMSIS\DSP\Source\StatisticsFunctions\arm_rms_q15.c.o
Compiling .pio\build\esp32-s3-devkitc-1-n16r8v\lib168\ToFan-project-1_inferencing\edge-impulse-sdk\CMSIS\DSP\Source\StatisticsFunctions\arm_rms_q31.c.o
Compiling .pio\build\esp32-s3-devkitc-1-n16r8v\lib168\ToFan-project-1_inferencing\edge-impulse-sdk\CMSIS\DSP\Source\StatisticsFunctions\arm_std_f16.c.o
Compiling .pio\build\esp32-s3-devkitc-1-n16r8v\lib168\ToFan-project-1_inferencing\edge-impulse-sdk\CMSIS\DSP\Source\StatisticsFunctions\arm_std_f32.c.o
Compiling .pio\build\esp32-s3-devkitc-1-n16r8v\lib168\ToFan-project-1_inferencing\edge-impulse-sdk\CMSIS\DSP\Source\StatisticsFunctions\arm_std_f64.c.o
Compiling .pio\build\esp32-s3-devkitc-1-n16r8v\lib168\ToFan-project-1_inferencing\edge-impulse-sdk\CMSIS\DSP\Source\StatisticsFunctions\arm_std_q15.c.o
Compiling .pio\build\esp32-s3-devkitc-1-n16r8v\lib168\ToFan-project-1_inferencing\edge-impulse-sdk\CMSIS\DSP\Source\StatisticsFunctions\arm_std_q31.c.o
Compiling .pio\build\esp32-s3-devkitc-1-n16r8v\lib168\ToFan-project-1_inferencing\edge-impulse-sdk\CMSIS\DSP\Source\StatisticsFunctions\arm_var_f16.c.o
Compiling .pio\build\esp32-s3-devkitc-1-n16r8v\lib168\ToFan-project-1_inferencing\edge-impulse-sdk\CMSIS\DSP\Source\StatisticsFunctions\arm_var_f32.c.o
Compiling .pio\build\esp32-s3-devkitc-1-n16r8v\lib168\ToFan-project-1_inferencing\edge-impulse-sdk\CMSIS\DSP\Source\StatisticsFunctions\arm_var_f64.c.o
Compiling .pio\build\esp32-s3-devkitc-1-n16r8v\lib168\ToFan-project-1_inferencing\edge-impulse-sdk\CMSIS\DSP\Source\StatisticsFunctions\arm_var_q15.c.o
Compiling .pio\build\esp32-s3-devkitc-1-n16r8v\lib168\ToFan-project-1_inferencing\edge-impulse-sdk\CMSIS\DSP\Source\StatisticsFunctions\arm_var_q31.c.o
Compiling .pio\build\esp32-s3-devkitc-1-n16r8v\lib168\ToFan-project-1_inferencing\edge-impulse-sdk\CMSIS\DSP\Source\SupportFunctions\arm_barycenter_f16.c.o
Compiling .pio\build\esp32-s3-devkitc-1-n16r8v\lib168\ToFan-project-1_inferencing\edge-impulse-sdk\CMSIS\DSP\Source\SupportFunctions\arm_barycenter_f32.c.o
Compiling .pio\build\esp32-s3-devkitc-1-n16r8v\lib168\ToFan-project-1_inferencing\edge-impulse-sdk\CMSIS\DSP\Source\SupportFunctions\arm_bitonic_sort_f32.c.o
Compiling .pio\build\esp32-s3-devkitc-1-n16r8v\lib168\ToFan-project-1_inferencing\edge-impulse-sdk\CMSIS\DSP\Source\SupportFunctions\arm_bubble_sort_f32.c.o
Compiling .pio\build\esp32-s3-devkitc-1-n16r8v\lib168\ToFan-project-1_inferencing\edge-impulse-sdk\CMSIS\DSP\Source\SupportFunctions\arm_copy_f16.c.o
Compiling .pio\build\esp32-s3-devkitc-1-n16r8v\lib168\ToFan-project-1_inferencing\edge-impulse-sdk\CMSIS\DSP\Source\SupportFunctions\arm_copy_f32.c.o
Compiling .pio\build\esp32-s3-devkitc-1-n16r8v\lib168\ToFan-project-1_inferencing\edge-impulse-sdk\CMSIS\DSP\Source\SupportFunctions\arm_copy_f64.c.o
Compiling .pio\build\esp32-s3-devkitc-1-n16r8v\lib168\ToFan-project-1_inferencing\edge-impulse-sdk\CMSIS\DSP\Source\SupportFunctions\arm_copy_q15.c.o
Compiling .pio\build\esp32-s3-devkitc-1-n16r8v\lib168\ToFan-project-1_inferencing\edge-impulse-sdk\CMSIS\DSP\Source\SupportFunctions\arm_copy_q31.c.o
Compiling .pio\build\esp32-s3-devkitc-1-n16r8v\lib168\ToFan-project-1_inferencing\edge-impulse-sdk\CMSIS\DSP\Source\SupportFunctions\arm_copy_q7.c.o
Compiling .pio\build\esp32-s3-devkitc-1-n16r8v\lib168\ToFan-project-1_inferencing\edge-impulse-sdk\CMSIS\DSP\Source\SupportFunctions\arm_f16_to_float.c.o
Compiling .pio\build\esp32-s3-devkitc-1-n16r8v\lib168\ToFan-project-1_inferencing\edge-impulse-sdk\CMSIS\DSP\Source\SupportFunctions\arm_f16_to_q15.c.o
Compiling .pio\build\esp32-s3-devkitc-1-n16r8v\lib168\ToFan-project-1_inferencing\edge-impulse-sdk\CMSIS\DSP\Source\SupportFunctions\arm_fill_f16.c.o
Compiling .pio\build\esp32-s3-devkitc-1-n16r8v\lib168\ToFan-project-1_inferencing\edge-impulse-sdk\CMSIS\DSP\Source\SupportFunctions\arm_fill_f32.c.o
Compiling .pio\build\esp32-s3-devkitc-1-n16r8v\lib168\ToFan-project-1_inferencing\edge-impulse-sdk\CMSIS\DSP\Source\SupportFunctions\arm_fill_f64.c.o
Compiling .pio\build\esp32-s3-devkitc-1-n16r8v\lib168\ToFan-project-1_inferencing\edge-impulse-sdk\CMSIS\DSP\Source\SupportFunctions\arm_fill_q15.c.o
Compiling .pio\build\esp32-s3-devkitc-1-n16r8v\lib168\ToFan-project-1_inferencing\edge-impulse-sdk\CMSIS\DSP\Source\SupportFunctions\arm_fill_q31.c.o
Compiling .pio\build\esp32-s3-devkitc-1-n16r8v\lib168\ToFan-project-1_inferencing\edge-impulse-sdk\CMSIS\DSP\Source\SupportFunctions\arm_fill_q7.c.o
Compiling .pio\build\esp32-s3-devkitc-1-n16r8v\lib168\ToFan-project-1_inferencing\edge-impulse-sdk\CMSIS\DSP\Source\SupportFunctions\arm_float_to_f16.c.o
Compiling .pio\build\esp32-s3-devkitc-1-n16r8v\lib168\ToFan-project-1_inferencing\edge-impulse-sdk\CMSIS\DSP\Source\SupportFunctions\arm_float_to_q15.c.o
Compiling .pio\build\esp32-s3-devkitc-1-n16r8v\lib168\ToFan-project-1_inferencing\edge-impulse-sdk\CMSIS\DSP\Source\SupportFunctions\arm_float_to_q31.c.o
Compiling .pio\build\esp32-s3-devkitc-1-n16r8v\lib168\ToFan-project-1_inferencing\edge-impulse-sdk\CMSIS\DSP\Source\SupportFunctions\arm_float_to_q7.c.o
Compiling .pio\build\esp32-s3-devkitc-1-n16r8v\lib168\ToFan-project-1_inferencing\edge-impulse-sdk\CMSIS\DSP\Source\SupportFunctions\arm_heap_sort_f32.c.o
Compiling .pio\build\esp32-s3-devkitc-1-n16r8v\lib168\ToFan-project-1_inferencing\edge-impulse-sdk\CMSIS\DSP\Source\SupportFunctions\arm_insertion_sort_f32.c.o
Compiling .pio\build\esp32-s3-devkitc-1-n16r8v\lib168\ToFan-project-1_inferencing\edge-impulse-sdk\CMSIS\DSP\Source\SupportFunctions\arm_merge_sort_f32.c.o
Compiling .pio\build\esp32-s3-devkitc-1-n16r8v\lib168\ToFan-project-1_inferencing\edge-impulse-sdk\CMSIS\DSP\Source\SupportFunctions\arm_merge_sort_init_f32.c.o
Compiling .pio\build\esp32-s3-devkitc-1-n16r8v\lib168\ToFan-project-1_inferencing\edge-impulse-sdk\CMSIS\DSP\Source\SupportFunctions\arm_q15_to_f16.c.o
Compiling .pio\build\esp32-s3-devkitc-1-n16r8v\lib168\ToFan-project-1_inferencing\edge-impulse-sdk\CMSIS\DSP\Source\SupportFunctions\arm_q15_to_float.c.o
Compiling .pio\build\esp32-s3-devkitc-1-n16r8v\lib168\ToFan-project-1_inferencing\edge-impulse-sdk\CMSIS\DSP\Source\SupportFunctions\arm_q15_to_q31.c.o
Compiling .pio\build\esp32-s3-devkitc-1-n16r8v\lib168\ToFan-project-1_inferencing\edge-impulse-sdk\CMSIS\DSP\Source\SupportFunctions\arm_q15_to_q7.c.o
Compiling .pio\build\esp32-s3-devkitc-1-n16r8v\lib168\ToFan-project-1_inferencing\edge-impulse-sdk\CMSIS\DSP\Source\SupportFunctions\arm_q31_to_float.c.o
Compiling .pio\build\esp32-s3-devkitc-1-n16r8v\lib168\ToFan-project-1_inferencing\edge-impulse-sdk\CMSIS\DSP\Source\SupportFunctions\arm_q31_to_q15.c.o
Compiling .pio\build\esp32-s3-devkitc-1-n16r8v\lib168\ToFan-project-1_inferencing\edge-impulse-sdk\CMSIS\DSP\Source\SupportFunctions\arm_q31_to_q7.c.o
Compiling .pio\build\esp32-s3-devkitc-1-n16r8v\lib168\ToFan-project-1_inferencing\edge-impulse-sdk\CMSIS\DSP\Source\SupportFunctions\arm_q7_to_float.c.o
Compiling .pio\build\esp32-s3-devkitc-1-n16r8v\lib168\ToFan-project-1_inferencing\edge-impulse-sdk\CMSIS\DSP\Source\SupportFunctions\arm_q7_to_q15.c.o
Compiling .pio\build\esp32-s3-devkitc-1-n16r8v\lib168\ToFan-project-1_inferencing\edge-impulse-sdk\CMSIS\DSP\Source\SupportFunctions\arm_q7_to_q31.c.o
Compiling .pio\build\esp32-s3-devkitc-1-n16r8v\lib168\ToFan-project-1_inferencing\edge-impulse-sdk\CMSIS\DSP\Source\SupportFunctions\arm_quick_sort_f32.c.o
Compiling .pio\build\esp32-s3-devkitc-1-n16r8v\lib168\ToFan-project-1_inferencing\edge-impulse-sdk\CMSIS\DSP\Source\SupportFunctions\arm_selection_sort_f32.c.o
Compiling .pio\build\esp32-s3-devkitc-1-n16r8v\lib168\ToFan-project-1_inferencing\edge-impulse-sdk\CMSIS\DSP\Source\SupportFunctions\arm_sort_f32.c.o
Compiling .pio\build\esp32-s3-devkitc-1-n16r8v\lib168\ToFan-project-1_inferencing\edge-impulse-sdk\CMSIS\DSP\Source\SupportFunctions\arm_sort_init_f32.c.o
Compiling .pio\build\esp32-s3-devkitc-1-n16r8v\lib168\ToFan-project-1_inferencing\edge-impulse-sdk\CMSIS\DSP\Source\SupportFunctions\arm_weighted_sum_f16.c.o
Compiling .pio\build\esp32-s3-devkitc-1-n16r8v\lib168\ToFan-project-1_inferencing\edge-impulse-sdk\CMSIS\DSP\Source\SupportFunctions\arm_weighted_sum_f32.c.o
Compiling .pio\build\esp32-s3-devkitc-1-n16r8v\lib168\ToFan-project-1_inferencing\edge-impulse-sdk\CMSIS\DSP\Source\TransformFunctions\arm_bitreversal.c.o
Compiling .pio\build\esp32-s3-devkitc-1-n16r8v\lib168\ToFan-project-1_inferencing\edge-impulse-sdk\CMSIS\DSP\Source\TransformFunctions\arm_bitreversal2.c.o
Compiling .pio\build\esp32-s3-devkitc-1-n16r8v\lib168\ToFan-project-1_inferencing\edge-impulse-sdk\CMSIS\DSP\Source\TransformFunctions\arm_bitreversal_f16.c.o
Compiling .pio\build\esp32-s3-devkitc-1-n16r8v\lib168\ToFan-project-1_inferencing\edge-impulse-sdk\CMSIS\DSP\Source\TransformFunctions\arm_cfft_f16.c.o
Compiling .pio\build\esp32-s3-devkitc-1-n16r8v\lib168\ToFan-project-1_inferencing\edge-impulse-sdk\CMSIS\DSP\Source\TransformFunctions\arm_cfft_f32.c.o
Compiling .pio\build\esp32-s3-devkitc-1-n16r8v\lib168\ToFan-project-1_inferencing\edge-impulse-sdk\CMSIS\DSP\Source\TransformFunctions\arm_cfft_f64.c.o
Compiling .pio\build\esp32-s3-devkitc-1-n16r8v\lib168\ToFan-project-1_inferencing\edge-impulse-sdk\CMSIS\DSP\Source\TransformFunctions\arm_cfft_init_f16.c.o
Compiling .pio\build\esp32-s3-devkitc-1-n16r8v\lib168\ToFan-project-1_inferencing\edge-impulse-sdk\CMSIS\DSP\Source\TransformFunctions\arm_cfft_init_f32.c.o
Compiling .pio\build\esp32-s3-devkitc-1-n16r8v\lib168\ToFan-project-1_inferencing\edge-impulse-sdk\CMSIS\DSP\Source\TransformFunctions\arm_cfft_init_f64.c.o
Compiling .pio\build\esp32-s3-devkitc-1-n16r8v\lib168\ToFan-project-1_inferencing\edge-impulse-sdk\CMSIS\DSP\Source\TransformFunctions\arm_cfft_init_q15.c.o
Compiling .pio\build\esp32-s3-devkitc-1-n16r8v\lib168\ToFan-project-1_inferencing\edge-impulse-sdk\CMSIS\DSP\Source\TransformFunctions\arm_cfft_init_q31.c.o
Compiling .pio\build\esp32-s3-devkitc-1-n16r8v\lib168\ToFan-project-1_inferencing\edge-impulse-sdk\CMSIS\DSP\Source\TransformFunctions\arm_cfft_q15.c.o
Compiling .pio\build\esp32-s3-devkitc-1-n16r8v\lib168\ToFan-project-1_inferencing\edge-impulse-sdk\CMSIS\DSP\Source\TransformFunctions\arm_cfft_q31.c.o
Compiling .pio\build\esp32-s3-devkitc-1-n16r8v\lib168\ToFan-project-1_inferencing\edge-impulse-sdk\CMSIS\DSP\Source\TransformFunctions\arm_cfft_radix2_f16.c.o
Compiling .pio\build\esp32-s3-devkitc-1-n16r8v\lib168\ToFan-project-1_inferencing\edge-impulse-sdk\CMSIS\DSP\Source\TransformFunctions\arm_cfft_radix2_f32.c.o
Compiling .pio\build\esp32-s3-devkitc-1-n16r8v\lib168\ToFan-project-1_inferencing\edge-impulse-sdk\CMSIS\DSP\Source\TransformFunctions\arm_cfft_radix2_init_f16.c.o
Compiling .pio\build\esp32-s3-devkitc-1-n16r8v\lib168\ToFan-project-1_inferencing\edge-impulse-sdk\CMSIS\DSP\Source\TransformFunctions\arm_cfft_radix2_init_f32.c.o
Compiling .pio\build\esp32-s3-devkitc-1-n16r8v\lib168\ToFan-project-1_inferencing\edge-impulse-sdk\CMSIS\DSP\Source\TransformFunctions\arm_cfft_radix2_init_q15.c.o
Compiling .pio\build\esp32-s3-devkitc-1-n16r8v\lib168\ToFan-project-1_inferencing\edge-impulse-sdk\CMSIS\DSP\Source\TransformFunctions\arm_cfft_radix2_init_q31.c.o
Compiling .pio\build\esp32-s3-devkitc-1-n16r8v\lib168\ToFan-project-1_inferencing\edge-impulse-sdk\CMSIS\DSP\Source\TransformFunctions\arm_cfft_radix2_q15.c.o
Compiling .pio\build\esp32-s3-devkitc-1-n16r8v\lib168\ToFan-project-1_inferencing\edge-impulse-sdk\CMSIS\DSP\Source\TransformFunctions\arm_cfft_radix2_q31.c.o
Compiling .pio\build\esp32-s3-devkitc-1-n16r8v\lib168\ToFan-project-1_inferencing\edge-impulse-sdk\CMSIS\DSP\Source\TransformFunctions\arm_cfft_radix4_f16.c.o
Compiling .pio\build\esp32-s3-devkitc-1-n16r8v\lib168\ToFan-project-1_inferencing\edge-impulse-sdk\CMSIS\DSP\Source\TransformFunctions\arm_cfft_radix4_f32.c.o
Compiling .pio\build\esp32-s3-devkitc-1-n16r8v\lib168\ToFan-project-1_inferencing\edge-impulse-sdk\CMSIS\DSP\Source\TransformFunctions\arm_cfft_radix4_init_f16.c.o
Compiling .pio\build\esp32-s3-devkitc-1-n16r8v\lib168\ToFan-project-1_inferencing\edge-impulse-sdk\CMSIS\DSP\Source\TransformFunctions\arm_cfft_radix4_init_f32.c.o
Compiling .pio\build\esp32-s3-devkitc-1-n16r8v\lib168\ToFan-project-1_inferencing\edge-impulse-sdk\CMSIS\DSP\Source\TransformFunctions\arm_cfft_radix4_init_q15.c.o
Compiling .pio\build\esp32-s3-devkitc-1-n16r8v\lib168\ToFan-project-1_inferencing\edge-impulse-sdk\CMSIS\DSP\Source\TransformFunctions\arm_cfft_radix4_init_q31.c.o
Compiling .pio\build\esp32-s3-devkitc-1-n16r8v\lib168\ToFan-project-1_inferencing\edge-impulse-sdk\CMSIS\DSP\Source\TransformFunctions\arm_cfft_radix4_q15.c.o
Compiling .pio\build\esp32-s3-devkitc-1-n16r8v\lib168\ToFan-project-1_inferencing\edge-impulse-sdk\CMSIS\DSP\Source\TransformFunctions\arm_cfft_radix4_q31.c.o
Compiling .pio\build\esp32-s3-devkitc-1-n16r8v\lib168\ToFan-project-1_inferencing\edge-impulse-sdk\CMSIS\DSP\Source\TransformFunctions\arm_cfft_radix8_f16.c.o
Compiling .pio\build\esp32-s3-devkitc-1-n16r8v\lib168\ToFan-project-1_inferencing\edge-impulse-sdk\CMSIS\DSP\Source\TransformFunctions\arm_cfft_radix8_f32.c.o
Compiling .pio\build\esp32-s3-devkitc-1-n16r8v\lib168\ToFan-project-1_inferencing\edge-impulse-sdk\CMSIS\DSP\Source\TransformFunctions\arm_dct4_f32.c.o
Compiling .pio\build\esp32-s3-devkitc-1-n16r8v\lib168\ToFan-project-1_inferencing\edge-impulse-sdk\CMSIS\DSP\Source\TransformFunctions\arm_dct4_init_f32.c.o
Compiling .pio\build\esp32-s3-devkitc-1-n16r8v\lib168\ToFan-project-1_inferencing\edge-impulse-sdk\CMSIS\DSP\Source\TransformFunctions\arm_dct4_init_q15.c.o
Compiling .pio\build\esp32-s3-devkitc-1-n16r8v\lib168\ToFan-project-1_inferencing\edge-impulse-sdk\CMSIS\DSP\Source\TransformFunctions\arm_dct4_init_q31.c.o
Compiling .pio\build\esp32-s3-devkitc-1-n16r8v\lib168\ToFan-project-1_inferencing\edge-impulse-sdk\CMSIS\DSP\Source\TransformFunctions\arm_dct4_q15.c.o
Compiling .pio\build\esp32-s3-devkitc-1-n16r8v\lib168\ToFan-project-1_inferencing\edge-impulse-sdk\CMSIS\DSP\Source\TransformFunctions\arm_dct4_q31.c.o
Compiling .pio\build\esp32-s3-devkitc-1-n16r8v\lib168\ToFan-project-1_inferencing\edge-impulse-sdk\CMSIS\DSP\Source\TransformFunctions\arm_mfcc_f16.c.o
Compiling .pio\build\esp32-s3-devkitc-1-n16r8v\lib168\ToFan-project-1_inferencing\edge-impulse-sdk\CMSIS\DSP\Source\TransformFunctions\arm_mfcc_f32.c.o
Compiling .pio\build\esp32-s3-devkitc-1-n16r8v\lib168\ToFan-project-1_inferencing\edge-impulse-sdk\CMSIS\DSP\Source\TransformFunctions\arm_mfcc_init_f16.c.o
Compiling .pio\build\esp32-s3-devkitc-1-n16r8v\lib168\ToFan-project-1_inferencing\edge-impulse-sdk\CMSIS\DSP\Source\TransformFunctions\arm_mfcc_init_f32.c.o
Compiling .pio\build\esp32-s3-devkitc-1-n16r8v\lib168\ToFan-project-1_inferencing\edge-impulse-sdk\CMSIS\DSP\Source\TransformFunctions\arm_mfcc_init_q15.c.o
Compiling .pio\build\esp32-s3-devkitc-1-n16r8v\lib168\ToFan-project-1_inferencing\edge-impulse-sdk\CMSIS\DSP\Source\TransformFunctions\arm_mfcc_init_q31.c.o
Compiling .pio\build\esp32-s3-devkitc-1-n16r8v\lib168\ToFan-project-1_inferencing\edge-impulse-sdk\CMSIS\DSP\Source\TransformFunctions\arm_mfcc_q15.c.o
Compiling .pio\build\esp32-s3-devkitc-1-n16r8v\lib168\ToFan-project-1_inferencing\edge-impulse-sdk\CMSIS\DSP\Source\TransformFunctions\arm_mfcc_q31.c.o
Compiling .pio\build\esp32-s3-devkitc-1-n16r8v\lib168\ToFan-project-1_inferencing\edge-impulse-sdk\CMSIS\DSP\Source\TransformFunctions\arm_rfft_f32.c.o
Compiling .pio\build\esp32-s3-devkitc-1-n16r8v\lib168\ToFan-project-1_inferencing\edge-impulse-sdk\CMSIS\DSP\Source\TransformFunctions\arm_rfft_fast_f16.c.o
Compiling .pio\build\esp32-s3-devkitc-1-n16r8v\lib168\ToFan-project-1_inferencing\edge-impulse-sdk\CMSIS\DSP\Source\TransformFunctions\arm_rfft_fast_f32.c.o
Compiling .pio\build\esp32-s3-devkitc-1-n16r8v\lib168\ToFan-project-1_inferencing\edge-impulse-sdk\CMSIS\DSP\Source\TransformFunctions\arm_rfft_fast_f64.c.o
Compiling .pio\build\esp32-s3-devkitc-1-n16r8v\lib168\ToFan-project-1_inferencing\edge-impulse-sdk\CMSIS\DSP\Source\TransformFunctions\arm_rfft_fast_init_f16.c.o
Compiling .pio\build\esp32-s3-devkitc-1-n16r8v\lib168\ToFan-project-1_inferencing\edge-impulse-sdk\CMSIS\DSP\Source\TransformFunctions\arm_rfft_fast_init_f32.c.o
Compiling .pio\build\esp32-s3-devkitc-1-n16r8v\lib168\ToFan-project-1_inferencing\edge-impulse-sdk\CMSIS\DSP\Source\TransformFunctions\arm_rfft_fast_init_f64.c.o
Compiling .pio\build\esp32-s3-devkitc-1-n16r8v\lib168\ToFan-project-1_inferencing\edge-impulse-sdk\CMSIS\DSP\Source\TransformFunctions\arm_rfft_init_f32.c.o
Compiling .pio\build\esp32-s3-devkitc-1-n16r8v\lib168\ToFan-project-1_inferencing\edge-impulse-sdk\CMSIS\DSP\Source\TransformFunctions\arm_rfft_init_q15.c.o
Compiling .pio\build\esp32-s3-devkitc-1-n16r8v\lib168\ToFan-project-1_inferencing\edge-impulse-sdk\CMSIS\DSP\Source\TransformFunctions\arm_rfft_init_q31.c.o
Compiling .pio\build\esp32-s3-devkitc-1-n16r8v\lib168\ToFan-project-1_inferencing\edge-impulse-sdk\CMSIS\DSP\Source\TransformFunctions\arm_rfft_q15.c.o
Compiling .pio\build\esp32-s3-devkitc-1-n16r8v\lib168\ToFan-project-1_inferencing\edge-impulse-sdk\CMSIS\DSP\Source\TransformFunctions\arm_rfft_q31.c.o
Compiling .pio\build\esp32-s3-devkitc-1-n16r8v\lib168\ToFan-project-1_inferencing\edge-impulse-sdk\CMSIS\NN\Source\ActivationFunctions\arm_nn_activations_q15.c.o
Compiling .pio\build\esp32-s3-devkitc-1-n16r8v\lib168\ToFan-project-1_inferencing\edge-impulse-sdk\CMSIS\NN\Source\ActivationFunctions\arm_nn_activations_q7.c.o
Compiling .pio\build\esp32-s3-devkitc-1-n16r8v\lib168\ToFan-project-1_inferencing\edge-impulse-sdk\CMSIS\NN\Source\ActivationFunctions\arm_relu6_s8.c.o
Compiling .pio\build\esp32-s3-devkitc-1-n16r8v\lib168\ToFan-project-1_inferencing\edge-impulse-sdk\CMSIS\NN\Source\ActivationFunctions\arm_relu_q15.c.o
Compiling .pio\build\esp32-s3-devkitc-1-n16r8v\lib168\ToFan-project-1_inferencing\edge-impulse-sdk\CMSIS\NN\Source\ActivationFunctions\arm_relu_q7.c.o
Compiling .pio\build\esp32-s3-devkitc-1-n16r8v\lib168\ToFan-project-1_inferencing\edge-impulse-sdk\CMSIS\NN\Source\BasicMathFunctions\arm_elementwise_add_s16.c.o
Compiling .pio\build\esp32-s3-devkitc-1-n16r8v\lib168\ToFan-project-1_inferencing\edge-impulse-sdk\CMSIS\NN\Source\BasicMathFunctions\arm_elementwise_add_s8.c.o
Compiling .pio\build\esp32-s3-devkitc-1-n16r8v\lib168\ToFan-project-1_inferencing\edge-impulse-sdk\CMSIS\NN\Source\BasicMathFunctions\arm_elementwise_mul_s16.c.o
Compiling .pio\build\esp32-s3-devkitc-1-n16r8v\lib168\ToFan-project-1_inferencing\edge-impulse-sdk\CMSIS\NN\Source\BasicMathFunctions\arm_elementwise_mul_s8.c.o
Compiling .pio\build\esp32-s3-devkitc-1-n16r8v\lib168\ToFan-project-1_inferencing\edge-impulse-sdk\CMSIS\NN\Source\ConcatenationFunctions\arm_concatenation_s8_w.c.o
Compiling .pio\build\esp32-s3-devkitc-1-n16r8v\lib168\ToFan-project-1_inferencing\edge-impulse-sdk\CMSIS\NN\Source\ConcatenationFunctions\arm_concatenation_s8_x.c.o
Compiling .pio\build\esp32-s3-devkitc-1-n16r8v\lib168\ToFan-project-1_inferencing\edge-impulse-sdk\CMSIS\NN\Source\ConcatenationFunctions\arm_concatenation_s8_y.c.o
Compiling .pio\build\esp32-s3-devkitc-1-n16r8v\lib168\ToFan-project-1_inferencing\edge-impulse-sdk\CMSIS\NN\Source\ConcatenationFunctions\arm_concatenation_s8_z.c.o
Compiling .pio\build\esp32-s3-devkitc-1-n16r8v\lib168\ToFan-project-1_inferencing\edge-impulse-sdk\CMSIS\NN\Source\ConvolutionFunctions\arm_convolve_1_x_n_s8.c.o
Compiling .pio\build\esp32-s3-devkitc-1-n16r8v\lib168\ToFan-project-1_inferencing\edge-impulse-sdk\CMSIS\NN\Source\ConvolutionFunctions\arm_convolve_1x1_HWC_q7_fast_nonsquare.c.o
Compiling .pio\build\esp32-s3-devkitc-1-n16r8v\lib168\ToFan-project-1_inferencing\edge-impulse-sdk\CMSIS\NN\Source\ConvolutionFunctions\arm_convolve_1x1_s8_fast.c.o
Compiling .pio\build\esp32-s3-devkitc-1-n16r8v\lib168\ToFan-project-1_inferencing\edge-impulse-sdk\CMSIS\NN\Source\ConvolutionFunctions\arm_convolve_HWC_q15_basic.c.o
Compiling .pio\build\esp32-s3-devkitc-1-n16r8v\lib168\ToFan-project-1_inferencing\edge-impulse-sdk\CMSIS\NN\Source\ConvolutionFunctions\arm_convolve_HWC_q15_fast.c.o
Compiling .pio\build\esp32-s3-devkitc-1-n16r8v\lib168\ToFan-project-1_inferencing\edge-impulse-sdk\CMSIS\NN\Source\ConvolutionFunctions\arm_convolve_HWC_q15_fast_nonsquare.c.o
Compiling .pio\build\esp32-s3-devkitc-1-n16r8v\lib168\ToFan-project-1_inferencing\edge-impulse-sdk\CMSIS\NN\Source\ConvolutionFunctions\arm_convolve_HWC_q7_RGB.c.o
Compiling .pio\build\esp32-s3-devkitc-1-n16r8v\lib168\ToFan-project-1_inferencing\edge-impulse-sdk\CMSIS\NN\Source\ConvolutionFunctions\arm_convolve_HWC_q7_basic.c.o
Compiling .pio\build\esp32-s3-devkitc-1-n16r8v\lib168\ToFan-project-1_inferencing\edge-impulse-sdk\CMSIS\NN\Source\ConvolutionFunctions\arm_convolve_HWC_q7_basic_nonsquare.c.o
Compiling .pio\build\esp32-s3-devkitc-1-n16r8v\lib168\ToFan-project-1_inferencing\edge-impulse-sdk\CMSIS\NN\Source\ConvolutionFunctions\arm_convolve_HWC_q7_fast.c.o
Compiling .pio\build\esp32-s3-devkitc-1-n16r8v\lib168\ToFan-project-1_inferencing\edge-impulse-sdk\CMSIS\NN\Source\ConvolutionFunctions\arm_convolve_HWC_q7_fast_nonsquare.c.o
Compiling .pio\build\esp32-s3-devkitc-1-n16r8v\lib168\ToFan-project-1_inferencing\edge-impulse-sdk\CMSIS\NN\Source\ConvolutionFunctions\arm_convolve_fast_s16.c.o
Compiling .pio\build\esp32-s3-devkitc-1-n16r8v\lib168\ToFan-project-1_inferencing\edge-impulse-sdk\CMSIS\NN\Source\ConvolutionFunctions\arm_convolve_s16.c.o
Compiling .pio\build\esp32-s3-devkitc-1-n16r8v\lib168\ToFan-project-1_inferencing\edge-impulse-sdk\CMSIS\NN\Source\ConvolutionFunctions\arm_convolve_s8.c.o
Compiling .pio\build\esp32-s3-devkitc-1-n16r8v\lib168\ToFan-project-1_inferencing\edge-impulse-sdk\CMSIS\NN\Source\ConvolutionFunctions\arm_convolve_wrapper_s16.c.o
Compiling .pio\build\esp32-s3-devkitc-1-n16r8v\lib168\ToFan-project-1_inferencing\edge-impulse-sdk\CMSIS\NN\Source\ConvolutionFunctions\arm_convolve_wrapper_s8.c.o
Compiling .pio\build\esp32-s3-devkitc-1-n16r8v\lib168\ToFan-project-1_inferencing\edge-impulse-sdk\CMSIS\NN\Source\ConvolutionFunctions\arm_depthwise_conv_3x3_s8.c.o
Compiling .pio\build\esp32-s3-devkitc-1-n16r8v\lib168\ToFan-project-1_inferencing\edge-impulse-sdk\CMSIS\NN\Source\ConvolutionFunctions\arm_depthwise_conv_fast_s16.c.o
Compiling .pio\build\esp32-s3-devkitc-1-n16r8v\lib168\ToFan-project-1_inferencing\edge-impulse-sdk\CMSIS\NN\Source\ConvolutionFunctions\arm_depthwise_conv_s16.c.o
Compiling .pio\build\esp32-s3-devkitc-1-n16r8v\lib168\ToFan-project-1_inferencing\edge-impulse-sdk\CMSIS\NN\Source\ConvolutionFunctions\arm_depthwise_conv_s8.c.o
Compiling .pio\build\esp32-s3-devkitc-1-n16r8v\lib168\ToFan-project-1_inferencing\edge-impulse-sdk\CMSIS\NN\Source\ConvolutionFunctions\arm_depthwise_conv_s8_opt.c.o
Compiling .pio\build\esp32-s3-devkitc-1-n16r8v\lib168\ToFan-project-1_inferencing\edge-impulse-sdk\CMSIS\NN\Source\ConvolutionFunctions\arm_depthwise_conv_u8_basic_ver1.c.o
Compiling .pio\build\esp32-s3-devkitc-1-n16r8v\lib168\ToFan-project-1_inferencing\edge-impulse-sdk\CMSIS\NN\Source\ConvolutionFunctions\arm_depthwise_conv_wrapper_s16.c.o
Compiling .pio\build\esp32-s3-devkitc-1-n16r8v\lib168\ToFan-project-1_inferencing\edge-impulse-sdk\CMSIS\NN\Source\ConvolutionFunctions\arm_depthwise_conv_wrapper_s8.c.o
Compiling .pio\build\esp32-s3-devkitc-1-n16r8v\lib168\ToFan-project-1_inferencing\edge-impulse-sdk\CMSIS\NN\Source\ConvolutionFunctions\arm_depthwise_separable_conv_HWC_q7.c.o
Compiling .pio\build\esp32-s3-devkitc-1-n16r8v\lib168\ToFan-project-1_inferencing\edge-impulse-sdk\CMSIS\NN\Source\ConvolutionFunctions\arm_depthwise_separable_conv_HWC_q7_nonsquare.c.o
Compiling .pio\build\esp32-s3-devkitc-1-n16r8v\lib168\ToFan-project-1_inferencing\edge-impulse-sdk\CMSIS\NN\Source\ConvolutionFunctions\arm_nn_depthwise_conv_s8_core.c.o
Compiling .pio\build\esp32-s3-devkitc-1-n16r8v\lib168\ToFan-project-1_inferencing\edge-impulse-sdk\CMSIS\NN\Source\ConvolutionFunctions\arm_nn_mat_mult_kernel_q7_q15.c.o
Compiling .pio\build\esp32-s3-devkitc-1-n16r8v\lib168\ToFan-project-1_inferencing\edge-impulse-sdk\CMSIS\NN\Source\ConvolutionFunctions\arm_nn_mat_mult_kernel_q7_q15_reordered.c.o
Compiling .pio\build\esp32-s3-devkitc-1-n16r8v\lib168\ToFan-project-1_inferencing\edge-impulse-sdk\CMSIS\NN\Source\ConvolutionFunctions\arm_nn_mat_mult_kernel_s8_s16.c.o
Compiling .pio\build\esp32-s3-devkitc-1-n16r8v\lib168\ToFan-project-1_inferencing\edge-impulse-sdk\CMSIS\NN\Source\ConvolutionFunctions\arm_nn_mat_mult_s8.c.o
Compiling .pio\build\esp32-s3-devkitc-1-n16r8v\lib168\ToFan-project-1_inferencing\edge-impulse-sdk\CMSIS\NN\Source\FullyConnectedFunctions\arm_fully_connected_mat_q7_vec_q15.c.o
Compiling .pio\build\esp32-s3-devkitc-1-n16r8v\lib168\ToFan-project-1_inferencing\edge-impulse-sdk\CMSIS\NN\Source\FullyConnectedFunctions\arm_fully_connected_mat_q7_vec_q15_opt.c.o
Compiling .pio\build\esp32-s3-devkitc-1-n16r8v\lib168\ToFan-project-1_inferencing\edge-impulse-sdk\CMSIS\NN\Source\FullyConnectedFunctions\arm_fully_connected_q15.c.o
Compiling .pio\build\esp32-s3-devkitc-1-n16r8v\lib168\ToFan-project-1_inferencing\edge-impulse-sdk\CMSIS\NN\Source\FullyConnectedFunctions\arm_fully_connected_q15_opt.c.o
Compiling .pio\build\esp32-s3-devkitc-1-n16r8v\lib168\ToFan-project-1_inferencing\edge-impulse-sdk\CMSIS\NN\Source\FullyConnectedFunctions\arm_fully_connected_q7.c.o
Compiling .pio\build\esp32-s3-devkitc-1-n16r8v\lib168\ToFan-project-1_inferencing\edge-impulse-sdk\CMSIS\NN\Source\FullyConnectedFunctions\arm_fully_connected_q7_opt.c.o
Compiling .pio\build\esp32-s3-devkitc-1-n16r8v\lib168\ToFan-project-1_inferencing\edge-impulse-sdk\CMSIS\NN\Source\FullyConnectedFunctions\arm_fully_connected_s16.c.o
Compiling .pio\build\esp32-s3-devkitc-1-n16r8v\lib168\ToFan-project-1_inferencing\edge-impulse-sdk\CMSIS\NN\Source\FullyConnectedFunctions\arm_fully_connected_s8.c.o
Compiling .pio\build\esp32-s3-devkitc-1-n16r8v\lib168\ToFan-project-1_inferencing\edge-impulse-sdk\CMSIS\NN\Source\NNSupportFunctions\arm_nn_accumulate_q7_to_q15.c.o
Compiling .pio\build\esp32-s3-devkitc-1-n16r8v\lib168\ToFan-project-1_inferencing\edge-impulse-sdk\CMSIS\NN\Source\NNSupportFunctions\arm_nn_add_q7.c.o
Compiling .pio\build\esp32-s3-devkitc-1-n16r8v\lib168\ToFan-project-1_inferencing\edge-impulse-sdk\CMSIS\NN\Source\NNSupportFunctions\arm_nn_depthwise_conv_nt_t_padded_s8.c.o
Compiling .pio\build\esp32-s3-devkitc-1-n16r8v\lib168\ToFan-project-1_inferencing\edge-impulse-sdk\CMSIS\NN\Source\NNSupportFunctions\arm_nn_depthwise_conv_nt_t_s16.c.o
Compiling .pio\build\esp32-s3-devkitc-1-n16r8v\lib168\ToFan-project-1_inferencing\edge-impulse-sdk\CMSIS\NN\Source\NNSupportFunctions\arm_nn_depthwise_conv_nt_t_s8.c.o
Compiling .pio\build\esp32-s3-devkitc-1-n16r8v\lib168\ToFan-project-1_inferencing\edge-impulse-sdk\CMSIS\NN\Source\NNSupportFunctions\arm_nn_mat_mul_core_1x_s8.c.o
Compiling .pio\build\esp32-s3-devkitc-1-n16r8v\lib168\ToFan-project-1_inferencing\edge-impulse-sdk\CMSIS\NN\Source\NNSupportFunctions\arm_nn_mat_mul_core_4x_s8.c.o
Compiling .pio\build\esp32-s3-devkitc-1-n16r8v\lib168\ToFan-project-1_inferencing\edge-impulse-sdk\CMSIS\NN\Source\NNSupportFunctions\arm_nn_mat_mul_kernel_s16.c.o
Compiling .pio\build\esp32-s3-devkitc-1-n16r8v\lib168\ToFan-project-1_inferencing\edge-impulse-sdk\CMSIS\NN\Source\NNSupportFunctions\arm_nn_mat_mult_nt_t_s8.c.o
Compiling .pio\build\esp32-s3-devkitc-1-n16r8v\lib168\ToFan-project-1_inferencing\edge-impulse-sdk\CMSIS\NN\Source\NNSupportFunctions\arm_nn_mult_q15.c.o
Compiling .pio\build\esp32-s3-devkitc-1-n16r8v\lib168\ToFan-project-1_inferencing\edge-impulse-sdk\CMSIS\NN\Source\NNSupportFunctions\arm_nn_mult_q7.c.o
Compiling .pio\build\esp32-s3-devkitc-1-n16r8v\lib168\ToFan-project-1_inferencing\edge-impulse-sdk\CMSIS\NN\Source\NNSupportFunctions\arm_nn_vec_mat_mult_t_s16.c.o
Compiling .pio\build\esp32-s3-devkitc-1-n16r8v\lib168\ToFan-project-1_inferencing\edge-impulse-sdk\CMSIS\NN\Source\NNSupportFunctions\arm_nn_vec_mat_mult_t_s8.c.o
Compiling .pio\build\esp32-s3-devkitc-1-n16r8v\lib168\ToFan-project-1_inferencing\edge-impulse-sdk\CMSIS\NN\Source\NNSupportFunctions\arm_nn_vec_mat_mult_t_svdf_s8.c.o
Compiling .pio\build\esp32-s3-devkitc-1-n16r8v\lib168\ToFan-project-1_inferencing\edge-impulse-sdk\CMSIS\NN\Source\NNSupportFunctions\arm_nntables.c.o
Compiling .pio\build\esp32-s3-devkitc-1-n16r8v\lib168\ToFan-project-1_inferencing\edge-impulse-sdk\CMSIS\NN\Source\NNSupportFunctions\arm_q7_to_q15_no_shift.c.o
Compiling .pio\build\esp32-s3-devkitc-1-n16r8v\lib168\ToFan-project-1_inferencing\edge-impulse-sdk\CMSIS\NN\Source\NNSupportFunctions\arm_q7_to_q15_reordered_no_shift.c.o
Compiling .pio\build\esp32-s3-devkitc-1-n16r8v\lib168\ToFan-project-1_inferencing\edge-impulse-sdk\CMSIS\NN\Source\NNSupportFunctions\arm_q7_to_q15_reordered_with_offset.c.o
Compiling .pio\build\esp32-s3-devkitc-1-n16r8v\lib168\ToFan-project-1_inferencing\edge-impulse-sdk\CMSIS\NN\Source\NNSupportFunctions\arm_q7_to_q15_with_offset.c.o
Compiling .pio\build\esp32-s3-devkitc-1-n16r8v\lib168\ToFan-project-1_inferencing\edge-impulse-sdk\CMSIS\NN\Source\PoolingFunctions\arm_avgpool_s16.c.o
Compiling .pio\build\esp32-s3-devkitc-1-n16r8v\lib168\ToFan-project-1_inferencing\edge-impulse-sdk\CMSIS\NN\Source\PoolingFunctions\arm_avgpool_s8.c.o
Compiling .pio\build\esp32-s3-devkitc-1-n16r8v\lib168\ToFan-project-1_inferencing\edge-impulse-sdk\CMSIS\NN\Source\PoolingFunctions\arm_max_pool_s16.c.o
Compiling .pio\build\esp32-s3-devkitc-1-n16r8v\lib168\ToFan-project-1_inferencing\edge-impulse-sdk\CMSIS\NN\Source\PoolingFunctions\arm_max_pool_s8.c.o
Compiling .pio\build\esp32-s3-devkitc-1-n16r8v\lib168\ToFan-project-1_inferencing\edge-impulse-sdk\CMSIS\NN\Source\PoolingFunctions\arm_pool_q7_HWC.c.o
Compiling .pio\build\esp32-s3-devkitc-1-n16r8v\lib168\ToFan-project-1_inferencing\edge-impulse-sdk\CMSIS\NN\Source\ReshapeFunctions\arm_reshape_s8.c.o
Compiling .pio\build\esp32-s3-devkitc-1-n16r8v\lib168\ToFan-project-1_inferencing\edge-impulse-sdk\CMSIS\NN\Source\SVDFunctions\arm_svdf_s8.c.o
Compiling .pio\build\esp32-s3-devkitc-1-n16r8v\lib168\ToFan-project-1_inferencing\edge-impulse-sdk\CMSIS\NN\Source\SVDFunctions\arm_svdf_state_s16_s8.c.o
Compiling .pio\build\esp32-s3-devkitc-1-n16r8v\lib168\ToFan-project-1_inferencing\edge-impulse-sdk\CMSIS\NN\Source\SoftmaxFunctions\arm_nn_softmax_common_s8.c.o
Compiling .pio\build\esp32-s3-devkitc-1-n16r8v\lib168\ToFan-project-1_inferencing\edge-impulse-sdk\CMSIS\NN\Source\SoftmaxFunctions\arm_softmax_q15.c.o
Compiling .pio\build\esp32-s3-devkitc-1-n16r8v\lib168\ToFan-project-1_inferencing\edge-impulse-sdk\CMSIS\NN\Source\SoftmaxFunctions\arm_softmax_q7.c.o
Compiling .pio\build\esp32-s3-devkitc-1-n16r8v\lib168\ToFan-project-1_inferencing\edge-impulse-sdk\CMSIS\NN\Source\SoftmaxFunctions\arm_softmax_s16.c.o
Compiling .pio\build\esp32-s3-devkitc-1-n16r8v\lib168\ToFan-project-1_inferencing\edge-impulse-sdk\CMSIS\NN\Source\SoftmaxFunctions\arm_softmax_s8.c.o
Compiling .pio\build\esp32-s3-devkitc-1-n16r8v\lib168\ToFan-project-1_inferencing\edge-impulse-sdk\CMSIS\NN\Source\SoftmaxFunctions\arm_softmax_s8_s16.c.o
Compiling .pio\build\esp32-s3-devkitc-1-n16r8v\lib168\ToFan-project-1_inferencing\edge-impulse-sdk\CMSIS\NN\Source\SoftmaxFunctions\arm_softmax_u8.c.o
Compiling .pio\build\esp32-s3-devkitc-1-n16r8v\lib168\ToFan-project-1_inferencing\edge-impulse-sdk\CMSIS\NN\Source\SoftmaxFunctions\arm_softmax_with_batch_q7.c.o
Compiling .pio\build\esp32-s3-devkitc-1-n16r8v\lib168\ToFan-project-1_inferencing\edge-impulse-sdk\dsp\dct\fast-dct-fft.cpp.o
Compiling .pio\build\esp32-s3-devkitc-1-n16r8v\lib168\ToFan-project-1_inferencing\edge-impulse-sdk\dsp\image\processing.cpp.o
Compiling .pio\build\esp32-s3-devkitc-1-n16r8v\lib168\ToFan-project-1_inferencing\edge-impulse-sdk\dsp\kissfft\kiss_fft.cpp.o
Compiling .pio\build\esp32-s3-devkitc-1-n16r8v\lib168\ToFan-project-1_inferencing\edge-impulse-sdk\dsp\kissfft\kiss_fftr.cpp.o
Compiling .pio\build\esp32-s3-devkitc-1-n16r8v\lib168\ToFan-project-1_inferencing\edge-impulse-sdk\dsp\memory.cpp.o
Compiling .pio\build\esp32-s3-devkitc-1-n16r8v\lib168\ToFan-project-1_inferencing\edge-impulse-sdk\porting\arduino\debug_log.cpp.o
In file included from .pio/libdeps/esp32-s3-devkitc-1-n16r8v/ToFan-project-1_inferencing/src/edge-impulse-sdk/dsp/image/processing.hpp:35,
                 from .pio/libdeps/esp32-s3-devkitc-1-n16r8v/ToFan-project-1_inferencing/src/edge-impulse-sdk/dsp/image/processing.cpp:31:
.pio/libdeps/esp32-s3-devkitc-1-n16r8v/ToFan-project-1_inferencing/src/edge-impulse-sdk/porting/ei_classifier_porting.h:310: warning: "EI_PORTING_ARDUINO" 
redefined
 #define EI_PORTING_ARDUINO        0
 
In file included from .pio/libdeps/esp32-s3-devkitc-1-n16r8v/ToFan-project-1_inferencing/src/edge-impulse-sdk/dsp/image/processing.hpp:35,
                 from .pio/libdeps/esp32-s3-devkitc-1-n16r8v/ToFan-project-1_inferencing/src/edge-impulse-sdk/dsp/image/processing.cpp:31:
.pio/libdeps/esp32-s3-devkitc-1-n16r8v/ToFan-project-1_inferencing/src/edge-impulse-sdk/porting/ei_classifier_porting.h:279: note: this is the location of 
the previous definition
 #define EI_PORTING_ARDUINO      1
 
In file included from .pio/libdeps/esp32-s3-devkitc-1-n16r8v/ToFan-project-1_inferencing/src/edge-impulse-sdk/porting/arduino/debug_log.cpp:35:
.pio/libdeps/esp32-s3-devkitc-1-n16r8v/ToFan-project-1_inferencing/src/edge-impulse-sdk/porting/arduino/../ei_classifier_porting.h:310: warning: 
"EI_PORTING_ARDUINO" redefined
 #define EI_PORTING_ARDUINO        0
 
In file included from .pio/libdeps/esp32-s3-devkitc-1-n16r8v/ToFan-project-1_inferencing/src/edge-impulse-sdk/porting/arduino/debug_log.cpp:35:
.pio/libdeps/esp32-s3-devkitc-1-n16r8v/ToFan-project-1_inferencing/src/edge-impulse-sdk/porting/arduino/../ei_classifier_porting.h:279: note: this is the 
location of the previous definition
 #define EI_PORTING_ARDUINO      1
 
Compiling .pio\build\esp32-s3-devkitc-1-n16r8v\lib168\ToFan-project-1_inferencing\edge-impulse-sdk\porting\arduino\ei_classifier_porting.cpp.o
In file included from .pio/libdeps/esp32-s3-devkitc-1-n16r8v/ToFan-project-1_inferencing/src/edge-impulse-sdk/dsp/kissfft/kiss_fft.h:16,
                 from .pio/libdeps/esp32-s3-devkitc-1-n16r8v/ToFan-project-1_inferencing/src/edge-impulse-sdk/dsp/kissfft/_kiss_fft_guts.h:15,
                 from .pio/libdeps/esp32-s3-devkitc-1-n16r8v/ToFan-project-1_inferencing/src/edge-impulse-sdk/dsp/kissfft/kiss_fft.cpp:10:
.pio/libdeps/esp32-s3-devkitc-1-n16r8v/ToFan-project-1_inferencing/src/edge-impulse-sdk/dsp/kissfft/../../porting/ei_classifier_porting.h:310: warning: 
"EI_PORTING_ARDUINO" redefined
 #define EI_PORTING_ARDUINO        0
 
In file included from .pio/libdeps/esp32-s3-devkitc-1-n16r8v/ToFan-project-1_inferencing/src/edge-impulse-sdk/dsp/kissfft/kiss_fft.h:16,
                 from .pio/libdeps/esp32-s3-devkitc-1-n16r8v/ToFan-project-1_inferencing/src/edge-impulse-sdk/dsp/kissfft/_kiss_fft_guts.h:15,
                 from .pio/libdeps/esp32-s3-devkitc-1-n16r8v/ToFan-project-1_inferencing/src/edge-impulse-sdk/dsp/kissfft/kiss_fft.cpp:10:
.pio/libdeps/esp32-s3-devkitc-1-n16r8v/ToFan-project-1_inferencing/src/edge-impulse-sdk/dsp/kissfft/../../porting/ei_classifier_porting.h:279: note: this is 
the location of the previous definition
 #define EI_PORTING_ARDUINO      1
 
In file included from .pio/libdeps/esp32-s3-devkitc-1-n16r8v/ToFan-project-1_inferencing/src/edge-impulse-sdk/dsp/kissfft/kiss_fft.h:16,
                 from .pio/libdeps/esp32-s3-devkitc-1-n16r8v/ToFan-project-1_inferencing/src/edge-impulse-sdk/dsp/kissfft/kiss_fftr.h:12,
                 from .pio/libdeps/esp32-s3-devkitc-1-n16r8v/ToFan-project-1_inferencing/src/edge-impulse-sdk/dsp/kissfft/kiss_fftr.cpp:9:
.pio/libdeps/esp32-s3-devkitc-1-n16r8v/ToFan-project-1_inferencing/src/edge-impulse-sdk/dsp/kissfft/../../porting/ei_classifier_porting.h:310: warning: 
"EI_PORTING_ARDUINO" redefined
 #define EI_PORTING_ARDUINO        0
 
In file included from .pio/libdeps/esp32-s3-devkitc-1-n16r8v/ToFan-project-1_inferencing/src/edge-impulse-sdk/dsp/kissfft/kiss_fft.h:16,
                 from .pio/libdeps/esp32-s3-devkitc-1-n16r8v/ToFan-project-1_inferencing/src/edge-impulse-sdk/dsp/kissfft/kiss_fftr.h:12,
                 from .pio/libdeps/esp32-s3-devkitc-1-n16r8v/ToFan-project-1_inferencing/src/edge-impulse-sdk/dsp/kissfft/kiss_fftr.cpp:9:
.pio/libdeps/esp32-s3-devkitc-1-n16r8v/ToFan-project-1_inferencing/src/edge-impulse-sdk/dsp/kissfft/../../porting/ei_classifier_porting.h:279: note: this is 
the location of the previous definition
 #define EI_PORTING_ARDUINO      1
 
Compiling .pio\build\esp32-s3-devkitc-1-n16r8v\lib168\ToFan-project-1_inferencing\edge-impulse-sdk\porting\espressif\ESP-NN\src\activation_functions\esp_nn_relu_ansi.c.o
Compiling .pio\build\esp32-s3-devkitc-1-n16r8v\lib168\ToFan-project-1_inferencing\edge-impulse-sdk\porting\espressif\ESP-NN\src\activation_functions\esp_nn_relu_s8_esp32s3.S.o
Compiling .pio\build\esp32-s3-devkitc-1-n16r8v\lib168\ToFan-project-1_inferencing\edge-impulse-sdk\porting\espressif\ESP-NN\src\basic_math\esp_nn_add_ansi.c.o
Compiling .pio\build\esp32-s3-devkitc-1-n16r8v\lib168\ToFan-project-1_inferencing\edge-impulse-sdk\porting\espressif\ESP-NN\src\basic_math\esp_nn_add_s8_esp32s3.S.o
Compiling .pio\build\esp32-s3-devkitc-1-n16r8v\lib168\ToFan-project-1_inferencing\edge-impulse-sdk\porting\espressif\ESP-NN\src\basic_math\esp_nn_mul_ansi.c.o
Compiling .pio\build\esp32-s3-devkitc-1-n16r8v\lib168\ToFan-project-1_inferencing\edge-impulse-sdk\porting\espressif\ESP-NN\src\basic_math\esp_nn_mul_s8_esp32s3.S.o
Compiling .pio\build\esp32-s3-devkitc-1-n16r8v\lib168\ToFan-project-1_inferencing\edge-impulse-sdk\porting\espressif\ESP-NN\src\common\esp_nn_common_functions_esp32s3.S.o
Compiling .pio\build\esp32-s3-devkitc-1-n16r8v\lib168\ToFan-project-1_inferencing\edge-impulse-sdk\porting\espressif\ESP-NN\src\common\esp_nn_multiply_by_quantized_mult_esp32s3.S.o
Compiling .pio\build\esp32-s3-devkitc-1-n16r8v\lib168\ToFan-project-1_inferencing\edge-impulse-sdk\porting\espressif\ESP-NN\src\common\esp_nn_multiply_by_quantized_mult_ver1_esp32s3.S.o
Compiling .pio\build\esp32-s3-devkitc-1-n16r8v\lib168\ToFan-project-1_inferencing\edge-impulse-sdk\porting\espressif\ESP-NN\src\convolution\esp_nn_conv_ansi.c.o
Compiling .pio\build\esp32-s3-devkitc-1-n16r8v\lib168\ToFan-project-1_inferencing\edge-impulse-sdk\porting\espressif\ESP-NN\src\convolution\esp_nn_conv_esp32p4.c.o
Compiling .pio\build\esp32-s3-devkitc-1-n16r8v\lib168\ToFan-project-1_inferencing\edge-impulse-sdk\porting\espressif\ESP-NN\src\convolution\esp_nn_conv_esp32s3.c.o
Compiling .pio\build\esp32-s3-devkitc-1-n16r8v\lib168\ToFan-project-1_inferencing\edge-impulse-sdk\porting\espressif\ESP-NN\src\convolution\esp_nn_conv_opt.c.o
Compiling .pio\build\esp32-s3-devkitc-1-n16r8v\lib168\ToFan-project-1_inferencing\edge-impulse-sdk\porting\espressif\ESP-NN\src\convolution\esp_nn_conv_s16_mult4_1x1_esp32s3.S.o
Compiling .pio\build\esp32-s3-devkitc-1-n16r8v\lib168\ToFan-project-1_inferencing\edge-impulse-sdk\porting\espressif\ESP-NN\src\convolution\esp_nn_conv_s16_mult8_esp32s3.S.o
In file included from .pio/libdeps/esp32-s3-devkitc-1-n16r8v/ToFan-project-1_inferencing/src/edge-impulse-sdk/porting/arduino/ei_classifier_porting.cpp:35:
.pio/libdeps/esp32-s3-devkitc-1-n16r8v/ToFan-project-1_inferencing/src/edge-impulse-sdk/porting/arduino/../ei_classifier_porting.h:310: warning: 
"EI_PORTING_ARDUINO" redefined
 #define EI_PORTING_ARDUINO        0
 
In file included from .pio/libdeps/esp32-s3-devkitc-1-n16r8v/ToFan-project-1_inferencing/src/edge-impulse-sdk/porting/arduino/ei_classifier_porting.cpp:35:
.pio/libdeps/esp32-s3-devkitc-1-n16r8v/ToFan-project-1_inferencing/src/edge-impulse-sdk/porting/arduino/../ei_classifier_porting.h:279: note: this is the 
location of the previous definition
 #define EI_PORTING_ARDUINO      1
 
Compiling .pio\build\esp32-s3-devkitc-1-n16r8v\lib168\ToFan-project-1_inferencing\edge-impulse-sdk\porting\espressif\ESP-NN\src\convolution\esp_nn_conv_s8_filter_aligned_input_padded_esp32s3.S.o
Compiling .pio\build\esp32-s3-devkitc-1-n16r8v\lib168\ToFan-project-1_inferencing\edge-impulse-sdk\porting\espressif\ESP-NN\src\convolution\esp_nn_conv_s8_mult8_1x1_esp32s3.S.o
Compiling .pio\build\esp32-s3-devkitc-1-n16r8v\lib168\ToFan-project-1_inferencing\edge-impulse-sdk\porting\espressif\ESP-NN\src\convolution\esp_nn_depthwise_conv_ansi.c.o
Compiling .pio\build\esp32-s3-devkitc-1-n16r8v\lib168\ToFan-project-1_inferencing\edge-impulse-sdk\porting\espressif\ESP-NN\src\convolution\esp_nn_depthwise_conv_opt.c.o
Compiling .pio\build\esp32-s3-devkitc-1-n16r8v\lib168\ToFan-project-1_inferencing\edge-impulse-sdk\porting\espressif\ESP-NN\src\convolution\esp_nn_depthwise_conv_s16_mult1_3x3_esp32s3.S.o
Compiling .pio\build\esp32-s3-devkitc-1-n16r8v\lib168\ToFan-project-1_inferencing\edge-impulse-sdk\porting\espressif\ESP-NN\src\convolution\esp_nn_depthwise_conv_s16_mult1_3x3_no_pad_esp32s3.S.o
Compiling .pio\build\esp32-s3-devkitc-1-n16r8v\lib168\ToFan-project-1_inferencing\edge-impulse-sdk\porting\espressif\ESP-NN\src\convolution\esp_nn_depthwise_conv_s16_mult1_esp32s3.S.o
Compiling .pio\build\esp32-s3-devkitc-1-n16r8v\lib168\ToFan-project-1_inferencing\edge-impulse-sdk\porting\espressif\ESP-NN\src\convolution\esp_nn_depthwise_conv_s16_mult4_esp32s3.S.o
Compiling .pio\build\esp32-s3-devkitc-1-n16r8v\lib168\ToFan-project-1_inferencing\edge-impulse-sdk\porting\espressif\ESP-NN\src\convolution\esp_nn_depthwise_conv_s16_mult8_3x3_esp32s3.S.o
Compiling .pio\build\esp32-s3-devkitc-1-n16r8v\lib168\ToFan-project-1_inferencing\edge-impulse-sdk\porting\espressif\ESP-NN\src\convolution\esp_nn_depthwise_conv_s16_mult8_esp32s3.S.o
Compiling .pio\build\esp32-s3-devkitc-1-n16r8v\lib168\ToFan-project-1_inferencing\edge-impulse-sdk\porting\espressif\ESP-NN\src\convolution\esp_nn_depthwise_conv_s8_esp32s3.c.o
Compiling .pio\build\esp32-s3-devkitc-1-n16r8v\lib168\ToFan-project-1_inferencing\edge-impulse-sdk\porting\espressif\ESP-NN\src\convolution\esp_nn_depthwise_conv_s8_mult1_3x3_padded_esp32s3.S.o
Compiling .pio\build\esp32-s3-devkitc-1-n16r8v\lib168\ToFan-project-1_inferencing\edge-impulse-sdk\porting\espressif\ESP-NN\src\fully_connected\esp_nn_fully_connected_ansi.c.o
Compiling .pio\build\esp32-s3-devkitc-1-n16r8v\lib168\ToFan-project-1_inferencing\edge-impulse-sdk\porting\espressif\ESP-NN\src\fully_connected\esp_nn_fully_connected_s8_esp32s3.S.o
Compiling .pio\build\esp32-s3-devkitc-1-n16r8v\lib168\ToFan-project-1_inferencing\edge-impulse-sdk\porting\espressif\ESP-NN\src\pooling\esp_nn_avg_pool_ansi.c.o
Compiling .pio\build\esp32-s3-devkitc-1-n16r8v\lib168\ToFan-project-1_inferencing\edge-impulse-sdk\porting\espressif\ESP-NN\src\pooling\esp_nn_avg_pool_s8_esp32s3.S.o
Compiling .pio\build\esp32-s3-devkitc-1-n16r8v\lib168\ToFan-project-1_inferencing\edge-impulse-sdk\porting\espressif\ESP-NN\src\pooling\esp_nn_max_pool_ansi.c.o
Compiling .pio\build\esp32-s3-devkitc-1-n16r8v\lib168\ToFan-project-1_inferencing\edge-impulse-sdk\porting\espressif\ESP-NN\src\pooling\esp_nn_max_pool_s8_esp32s3.S.o
Compiling .pio\build\esp32-s3-devkitc-1-n16r8v\lib168\ToFan-project-1_inferencing\edge-impulse-sdk\porting\espressif\ESP-NN\src\softmax\esp_nn_softmax_ansi.c.o
Compiling .pio\build\esp32-s3-devkitc-1-n16r8v\lib168\ToFan-project-1_inferencing\edge-impulse-sdk\porting\espressif\ESP-NN\src\softmax\esp_nn_softmax_opt.c.o
In file included from .pio/libdeps/esp32-s3-devkitc-1-n16r8v/ToFan-project-1_inferencing/src/edge-impulse-sdk/dsp/memory.hpp:38,
                 from .pio/libdeps/esp32-s3-devkitc-1-n16r8v/ToFan-project-1_inferencing/src/edge-impulse-sdk/dsp/memory.cpp:31:
.pio/libdeps/esp32-s3-devkitc-1-n16r8v/ToFan-project-1_inferencing/src/edge-impulse-sdk/dsp/../porting/ei_classifier_porting.h:310: warning: 
"EI_PORTING_ARDUINO" redefined
 #define EI_PORTING_ARDUINO        0
 
In file included from .pio/libdeps/esp32-s3-devkitc-1-n16r8v/ToFan-project-1_inferencing/src/edge-impulse-sdk/dsp/memory.hpp:38,
                 from .pio/libdeps/esp32-s3-devkitc-1-n16r8v/ToFan-project-1_inferencing/src/edge-impulse-sdk/dsp/memory.cpp:31:
.pio/libdeps/esp32-s3-devkitc-1-n16r8v/ToFan-project-1_inferencing/src/edge-impulse-sdk/dsp/../porting/ei_classifier_porting.h:279: note: this is the 
location of the previous definition
 #define EI_PORTING_ARDUINO      1
 
Compiling .pio\build\esp32-s3-devkitc-1-n16r8v\lib168\ToFan-project-1_inferencing\edge-impulse-sdk\porting\espressif\debug_log.cpp.o
Compiling .pio\build\esp32-s3-devkitc-1-n16r8v\lib168\ToFan-project-1_inferencing\edge-impulse-sdk\porting\espressif\ei_classifier_porting.cpp.o
Compiling .pio\build\esp32-s3-devkitc-1-n16r8v\lib168\ToFan-project-1_inferencing\edge-impulse-sdk\porting\espressif\esp-dsp\modules\common\misc\dsps_pwroftwo.cpp.o
Compiling .pio\build\esp32-s3-devkitc-1-n16r8v\lib168\ToFan-project-1_inferencing\edge-impulse-sdk\porting\espressif\esp-dsp\modules\fft\fixed\dsps_fft2r_sc16_ae32.S.o
Compiling .pio\build\esp32-s3-devkitc-1-n16r8v\lib168\ToFan-project-1_inferencing\edge-impulse-sdk\porting\espressif\esp-dsp\modules\fft\fixed\dsps_fft2r_sc16_aes3.S.o
Compiling .pio\build\esp32-s3-devkitc-1-n16r8v\lib168\ToFan-project-1_inferencing\edge-impulse-sdk\porting\espressif\esp-dsp\modules\fft\fixed\dsps_fft2r_sc16_ansi.c.o
Compiling .pio\build\esp32-s3-devkitc-1-n16r8v\lib168\ToFan-project-1_inferencing\edge-impulse-sdk\porting\espressif\esp-dsp\modules\fft\fixed\dsps_fft2r_sc16_arp4.S.o
Compiling .pio\build\esp32-s3-devkitc-1-n16r8v\lib168\ToFan-project-1_inferencing\edge-impulse-sdk\porting\espressif\esp-dsp\modules\fft\float\dsps_bit_rev_lookup_fc32_aes3.S.o
Compiling .pio\build\esp32-s3-devkitc-1-n16r8v\lib168\ToFan-project-1_inferencing\edge-impulse-sdk\porting\espressif\esp-dsp\modules\fft\float\dsps_fft2r_bitrev_tables_fc32.c.o
Compiling .pio\build\esp32-s3-devkitc-1-n16r8v\lib168\ToFan-project-1_inferencing\edge-impulse-sdk\porting\espressif\esp-dsp\modules\fft\float\dsps_fft2r_fc32_ae32.c.o
Compiling .pio\build\esp32-s3-devkitc-1-n16r8v\lib168\ToFan-project-1_inferencing\edge-impulse-sdk\porting\espressif\esp-dsp\modules\fft\float\dsps_fft2r_fc32_ae32_.S.o
In file included from .pio/libdeps/esp32-s3-devkitc-1-n16r8v/ToFan-project-1_inferencing/src/edge-impulse-sdk/porting/espressif/debug_log.cpp:35:
.pio/libdeps/esp32-s3-devkitc-1-n16r8v/ToFan-project-1_inferencing/src/edge-impulse-sdk/porting/espressif/../ei_classifier_porting.h:310: warning: 
"EI_PORTING_ARDUINO" redefined
 #define EI_PORTING_ARDUINO        0
 
In file included from .pio/libdeps/esp32-s3-devkitc-1-n16r8v/ToFan-project-1_inferencing/src/edge-impulse-sdk/porting/espressif/debug_log.cpp:35:
.pio/libdeps/esp32-s3-devkitc-1-n16r8v/ToFan-project-1_inferencing/src/edge-impulse-sdk/porting/espressif/../ei_classifier_porting.h:279: note: this is the 
location of the previous definition
 #define EI_PORTING_ARDUINO      1
 
Compiling .pio\build\esp32-s3-devkitc-1-n16r8v\lib168\ToFan-project-1_inferencing\edge-impulse-sdk\porting\espressif\esp-dsp\modules\fft\float\dsps_fft2r_fc32_aes3_.S.o
Compiling .pio\build\esp32-s3-devkitc-1-n16r8v\lib168\ToFan-project-1_inferencing\edge-impulse-sdk\porting\espressif\esp-dsp\modules\fft\float\dsps_fft2r_fc32_ansi.c.o
Compiling .pio\build\esp32-s3-devkitc-1-n16r8v\lib168\ToFan-project-1_inferencing\edge-impulse-sdk\porting\espressif\esp-dsp\modules\fft\float\dsps_fft2r_fc32_arp4.S.o
In file included from .pio/libdeps/esp32-s3-devkitc-1-n16r8v/ToFan-project-1_inferencing/src/edge-impulse-sdk/porting/espressif/ei_classifier_porting.cpp:35:
.pio/libdeps/esp32-s3-devkitc-1-n16r8v/ToFan-project-1_inferencing/src/edge-impulse-sdk/porting/espressif/../ei_classifier_porting.h:310: warning: 
"EI_PORTING_ARDUINO" redefined
 #define EI_PORTING_ARDUINO        0
 
In file included from .pio/libdeps/esp32-s3-devkitc-1-n16r8v/ToFan-project-1_inferencing/src/edge-impulse-sdk/porting/espressif/ei_classifier_porting.cpp:35:
.pio/libdeps/esp32-s3-devkitc-1-n16r8v/ToFan-project-1_inferencing/src/edge-impulse-sdk/porting/espressif/../ei_classifier_porting.h:279: note: this is the 
location of the previous definition
 #define EI_PORTING_ARDUINO      1
 
Compiling .pio\build\esp32-s3-devkitc-1-n16r8v\lib168\ToFan-project-1_inferencing\edge-impulse-sdk\porting\particle\debug_log.cpp.o
Compiling .pio\build\esp32-s3-devkitc-1-n16r8v\lib168\ToFan-project-1_inferencing\edge-impulse-sdk\porting\particle\ei_classifier_porting.cpp.o
Compiling .pio\build\esp32-s3-devkitc-1-n16r8v\lib168\ToFan-project-1_inferencing\edge-impulse-sdk\tensorflow\lite\c\common.c.o
Compiling .pio\build\esp32-s3-devkitc-1-n16r8v\lib168\ToFan-project-1_inferencing\edge-impulse-sdk\tensorflow\lite\core\api\common.cpp.o
Compiling .pio\build\esp32-s3-devkitc-1-n16r8v\lib168\ToFan-project-1_inferencing\edge-impulse-sdk\tensorflow\lite\core\api\error_reporter.cpp.o
Compiling .pio\build\esp32-s3-devkitc-1-n16r8v\lib168\ToFan-project-1_inferencing\edge-impulse-sdk\tensorflow\lite\core\api\flatbuffer_conversions.cpp.o
Compiling .pio\build\esp32-s3-devkitc-1-n16r8v\lib168\ToFan-project-1_inferencing\edge-impulse-sdk\tensorflow\lite\core\api\op_resolver.cpp.o
In file included from .pio/libdeps/esp32-s3-devkitc-1-n16r8v/ToFan-project-1_inferencing/src/edge-impulse-sdk/porting/particle/debug_log.cpp:35:
.pio/libdeps/esp32-s3-devkitc-1-n16r8v/ToFan-project-1_inferencing/src/edge-impulse-sdk/porting/particle/../ei_classifier_porting.h:310: warning: 
"EI_PORTING_ARDUINO" redefined
 #define EI_PORTING_ARDUINO        0
 
In file included from .pio/libdeps/esp32-s3-devkitc-1-n16r8v/ToFan-project-1_inferencing/src/edge-impulse-sdk/porting/particle/debug_log.cpp:35:
.pio/libdeps/esp32-s3-devkitc-1-n16r8v/ToFan-project-1_inferencing/src/edge-impulse-sdk/porting/particle/../ei_classifier_porting.h:279: note: this is the 
location of the previous definition
 #define EI_PORTING_ARDUINO      1
 
Compiling .pio\build\esp32-s3-devkitc-1-n16r8v\lib168\ToFan-project-1_inferencing\edge-impulse-sdk\tensorflow\lite\core\api\tensor_utils.cpp.o
In file included from .pio/libdeps/esp32-s3-devkitc-1-n16r8v/ToFan-project-1_inferencing/src/edge-impulse-sdk/porting/particle/ei_classifier_porting.cpp:35:
.pio/libdeps/esp32-s3-devkitc-1-n16r8v/ToFan-project-1_inferencing/src/edge-impulse-sdk/porting/particle/../ei_classifier_porting.h:310: warning: 
"EI_PORTING_ARDUINO" redefined
 #define EI_PORTING_ARDUINO        0
 
In file included from .pio/libdeps/esp32-s3-devkitc-1-n16r8v/ToFan-project-1_inferencing/src/edge-impulse-sdk/porting/particle/ei_classifier_porting.cpp:35:
.pio/libdeps/esp32-s3-devkitc-1-n16r8v/ToFan-project-1_inferencing/src/edge-impulse-sdk/porting/particle/../ei_classifier_porting.h:279: note: this is the 
location of the previous definition
 #define EI_PORTING_ARDUINO      1
 
Compiling .pio\build\esp32-s3-devkitc-1-n16r8v\lib168\ToFan-project-1_inferencing\edge-impulse-sdk\tensorflow\lite\kernels\custom\tree_ensemble_classifier.cpp.o
Compiling .pio\build\esp32-s3-devkitc-1-n16r8v\lib168\ToFan-project-1_inferencing\edge-impulse-sdk\tensorflow\lite\kernels\internal\portable_tensor_utils.cpp.o
Compiling .pio\build\esp32-s3-devkitc-1-n16r8v\lib168\ToFan-project-1_inferencing\edge-impulse-sdk\tensorflow\lite\kernels\internal\quantization_util.cpp.o
Compiling .pio\build\esp32-s3-devkitc-1-n16r8v\lib168\ToFan-project-1_inferencing\edge-impulse-sdk\tensorflow\lite\kernels\internal\reference_portable_tensor_utils.cpp.o
Compiling .pio\build\esp32-s3-devkitc-1-n16r8v\lib168\ToFan-project-1_inferencing\edge-impulse-sdk\tensorflow\lite\kernels\internal\tensor_utils.cpp.o
Compiling .pio\build\esp32-s3-devkitc-1-n16r8v\lib168\ToFan-project-1_inferencing\edge-impulse-sdk\tensorflow\lite\kernels\kernel_util_lite.cpp.o
Compiling .pio\build\esp32-s3-devkitc-1-n16r8v\lib168\ToFan-project-1_inferencing\edge-impulse-sdk\tensorflow\lite\micro\all_ops_resolver.cpp.o
Compiling .pio\build\esp32-s3-devkitc-1-n16r8v\lib168\ToFan-project-1_inferencing\edge-impulse-sdk\tensorflow\lite\micro\fake_micro_context.cpp.o
Compiling .pio\build\esp32-s3-devkitc-1-n16r8v\lib168\ToFan-project-1_inferencing\edge-impulse-sdk\tensorflow\lite\micro\flatbuffer_conversions_bridge.cpp.o
Compiling .pio\build\esp32-s3-devkitc-1-n16r8v\lib168\ToFan-project-1_inferencing\edge-impulse-sdk\tensorflow\lite\micro\flatbuffer_utils.cpp.o
Compiling .pio\build\esp32-s3-devkitc-1-n16r8v\lib168\ToFan-project-1_inferencing\edge-impulse-sdk\tensorflow\lite\micro\kernels\activations.cpp.o
Compiling .pio\build\esp32-s3-devkitc-1-n16r8v\lib168\ToFan-project-1_inferencing\edge-impulse-sdk\tensorflow\lite\micro\kernels\activations_common.cpp.o
Compiling .pio\build\esp32-s3-devkitc-1-n16r8v\lib168\ToFan-project-1_inferencing\edge-impulse-sdk\tensorflow\lite\micro\kernels\add.cpp.o
Compiling .pio\build\esp32-s3-devkitc-1-n16r8v\lib168\ToFan-project-1_inferencing\edge-impulse-sdk\tensorflow\lite\micro\kernels\add_common.cpp.o
Compiling .pio\build\esp32-s3-devkitc-1-n16r8v\lib168\ToFan-project-1_inferencing\edge-impulse-sdk\tensorflow\lite\micro\kernels\add_n.cpp.o
Compiling .pio\build\esp32-s3-devkitc-1-n16r8v\lib168\ToFan-project-1_inferencing\edge-impulse-sdk\tensorflow\lite\micro\kernels\arg_min_max.cpp.o
Compiling .pio\build\esp32-s3-devkitc-1-n16r8v\lib168\ToFan-project-1_inferencing\edge-impulse-sdk\tensorflow\lite\micro\kernels\assign_variable.cpp.o
Compiling .pio\build\esp32-s3-devkitc-1-n16r8v\lib168\ToFan-project-1_inferencing\edge-impulse-sdk\tensorflow\lite\micro\kernels\batch_matmul.cpp.o
Compiling .pio\build\esp32-s3-devkitc-1-n16r8v\lib168\ToFan-project-1_inferencing\edge-impulse-sdk\tensorflow\lite\micro\kernels\batch_to_space_nd.cpp.o
Compiling .pio\build\esp32-s3-devkitc-1-n16r8v\lib168\ToFan-project-1_inferencing\edge-impulse-sdk\tensorflow\lite\micro\kernels\broadcast_args.cpp.o
Compiling .pio\build\esp32-s3-devkitc-1-n16r8v\lib168\ToFan-project-1_inferencing\edge-impulse-sdk\tensorflow\lite\micro\kernels\broadcast_to.cpp.o
Compiling .pio\build\esp32-s3-devkitc-1-n16r8v\lib168\ToFan-project-1_inferencing\edge-impulse-sdk\tensorflow\lite\micro\kernels\call_once.cpp.o
Compiling .pio\build\esp32-s3-devkitc-1-n16r8v\lib168\ToFan-project-1_inferencing\edge-impulse-sdk\tensorflow\lite\micro\kernels\cast.cpp.o
Compiling .pio\build\esp32-s3-devkitc-1-n16r8v\lib168\ToFan-project-1_inferencing\edge-impulse-sdk\tensorflow\lite\micro\kernels\ceil.cpp.o
Compiling .pio\build\esp32-s3-devkitc-1-n16r8v\lib168\ToFan-project-1_inferencing\edge-impulse-sdk\tensorflow\lite\micro\kernels\circular_buffer.cpp.o
Compiling .pio\build\esp32-s3-devkitc-1-n16r8v\lib168\ToFan-project-1_inferencing\edge-impulse-sdk\tensorflow\lite\micro\kernels\circular_buffer_common.cpp.o
Compiling .pio\build\esp32-s3-devkitc-1-n16r8v\lib168\ToFan-project-1_inferencing\edge-impulse-sdk\tensorflow\lite\micro\kernels\comparisons.cpp.o
Compiling .pio\build\esp32-s3-devkitc-1-n16r8v\lib168\ToFan-project-1_inferencing\edge-impulse-sdk\tensorflow\lite\micro\kernels\complex_abs.cpp.o
Compiling .pio\build\esp32-s3-devkitc-1-n16r8v\lib168\ToFan-project-1_inferencing\edge-impulse-sdk\tensorflow\lite\micro\kernels\concatenation.cpp.o
Compiling .pio\build\esp32-s3-devkitc-1-n16r8v\lib168\ToFan-project-1_inferencing\edge-impulse-sdk\tensorflow\lite\micro\kernels\conv.cpp.o
Compiling .pio\build\esp32-s3-devkitc-1-n16r8v\lib168\ToFan-project-1_inferencing\edge-impulse-sdk\tensorflow\lite\micro\kernels\conv_common.cpp.o
Compiling .pio\build\esp32-s3-devkitc-1-n16r8v\lib168\ToFan-project-1_inferencing\edge-impulse-sdk\tensorflow\lite\micro\kernels\cumsum.cpp.o
Compiling .pio\build\esp32-s3-devkitc-1-n16r8v\lib168\ToFan-project-1_inferencing\edge-impulse-sdk\tensorflow\lite\micro\kernels\depth_to_space.cpp.o
Compiling .pio\build\esp32-s3-devkitc-1-n16r8v\lib168\ToFan-project-1_inferencing\edge-impulse-sdk\tensorflow\lite\micro\kernels\depthwise_conv.cpp.o
Compiling .pio\build\esp32-s3-devkitc-1-n16r8v\lib168\ToFan-project-1_inferencing\edge-impulse-sdk\tensorflow\lite\micro\kernels\depthwise_conv_common.cpp.o
Compiling .pio\build\esp32-s3-devkitc-1-n16r8v\lib168\ToFan-project-1_inferencing\edge-impulse-sdk\tensorflow\lite\micro\kernels\dequantize.cpp.o
Compiling .pio\build\esp32-s3-devkitc-1-n16r8v\lib168\ToFan-project-1_inferencing\edge-impulse-sdk\tensorflow\lite\micro\kernels\dequantize_common.cpp.o
Compiling .pio\build\esp32-s3-devkitc-1-n16r8v\lib168\ToFan-project-1_inferencing\edge-impulse-sdk\tensorflow\lite\micro\kernels\detection_postprocess.cpp.o
Compiling .pio\build\esp32-s3-devkitc-1-n16r8v\lib168\ToFan-project-1_inferencing\edge-impulse-sdk\tensorflow\lite\micro\kernels\div.cpp.o
Compiling .pio\build\esp32-s3-devkitc-1-n16r8v\lib168\ToFan-project-1_inferencing\edge-impulse-sdk\tensorflow\lite\micro\kernels\elementwise.cpp.o
Compiling .pio\build\esp32-s3-devkitc-1-n16r8v\lib168\ToFan-project-1_inferencing\edge-impulse-sdk\tensorflow\lite\micro\kernels\elu.cpp.o
Compiling .pio\build\esp32-s3-devkitc-1-n16r8v\lib168\ToFan-project-1_inferencing\edge-impulse-sdk\tensorflow\lite\micro\kernels\ethosu.cpp.o
Compiling .pio\build\esp32-s3-devkitc-1-n16r8v\lib168\ToFan-project-1_inferencing\edge-impulse-sdk\tensorflow\lite\micro\kernels\exp.cpp.o
Compiling .pio\build\esp32-s3-devkitc-1-n16r8v\lib168\ToFan-project-1_inferencing\edge-impulse-sdk\tensorflow\lite\micro\kernels\expand_dims.cpp.o
Compiling .pio\build\esp32-s3-devkitc-1-n16r8v\lib168\ToFan-project-1_inferencing\edge-impulse-sdk\tensorflow\lite\micro\kernels\fill.cpp.o
Compiling .pio\build\esp32-s3-devkitc-1-n16r8v\lib168\ToFan-project-1_inferencing\edge-impulse-sdk\tensorflow\lite\micro\kernels\floor.cpp.o
Compiling .pio\build\esp32-s3-devkitc-1-n16r8v\lib168\ToFan-project-1_inferencing\edge-impulse-sdk\tensorflow\lite\micro\kernels\floor_div.cpp.o
Compiling .pio\build\esp32-s3-devkitc-1-n16r8v\lib168\ToFan-project-1_inferencing\edge-impulse-sdk\tensorflow\lite\micro\kernels\floor_mod.cpp.o
Compiling .pio\build\esp32-s3-devkitc-1-n16r8v\lib168\ToFan-project-1_inferencing\edge-impulse-sdk\tensorflow\lite\micro\kernels\fully_connected.cpp.o
Compiling .pio\build\esp32-s3-devkitc-1-n16r8v\lib168\ToFan-project-1_inferencing\edge-impulse-sdk\tensorflow\lite\micro\kernels\fully_connected_common.cpp.o
Compiling .pio\build\esp32-s3-devkitc-1-n16r8v\lib168\ToFan-project-1_inferencing\edge-impulse-sdk\tensorflow\lite\micro\kernels\gather.cpp.o
Compiling .pio\build\esp32-s3-devkitc-1-n16r8v\lib168\ToFan-project-1_inferencing\edge-impulse-sdk\tensorflow\lite\micro\kernels\gather_nd.cpp.o
Compiling .pio\build\esp32-s3-devkitc-1-n16r8v\lib168\ToFan-project-1_inferencing\edge-impulse-sdk\tensorflow\lite\micro\kernels\hard_swish.cpp.o
Compiling .pio\build\esp32-s3-devkitc-1-n16r8v\lib168\ToFan-project-1_inferencing\edge-impulse-sdk\tensorflow\lite\micro\kernels\hard_swish_common.cpp.o
Compiling .pio\build\esp32-s3-devkitc-1-n16r8v\lib168\ToFan-project-1_inferencing\edge-impulse-sdk\tensorflow\lite\micro\kernels\if.cpp.o
Compiling .pio\build\esp32-s3-devkitc-1-n16r8v\lib168\ToFan-project-1_inferencing\edge-impulse-sdk\tensorflow\lite\micro\kernels\kernel_runner.cpp.o
Compiling .pio\build\esp32-s3-devkitc-1-n16r8v\lib168\ToFan-project-1_inferencing\edge-impulse-sdk\tensorflow\lite\micro\kernels\kernel_util_micro.cpp.o
Compiling .pio\build\esp32-s3-devkitc-1-n16r8v\lib168\ToFan-project-1_inferencing\edge-impulse-sdk\tensorflow\lite\micro\kernels\l2_pool_2d.cpp.o
Compiling .pio\build\esp32-s3-devkitc-1-n16r8v\lib168\ToFan-project-1_inferencing\edge-impulse-sdk\tensorflow\lite\micro\kernels\l2norm.cpp.o
Compiling .pio\build\esp32-s3-devkitc-1-n16r8v\lib168\ToFan-project-1_inferencing\edge-impulse-sdk\tensorflow\lite\micro\kernels\leaky_relu.cpp.o
Compiling .pio\build\esp32-s3-devkitc-1-n16r8v\lib168\ToFan-project-1_inferencing\edge-impulse-sdk\tensorflow\lite\micro\kernels\leaky_relu_common.cpp.o
Compiling .pio\build\esp32-s3-devkitc-1-n16r8v\lib168\ToFan-project-1_inferencing\edge-impulse-sdk\tensorflow\lite\micro\kernels\log_softmax.cpp.o
Compiling .pio\build\esp32-s3-devkitc-1-n16r8v\lib168\ToFan-project-1_inferencing\edge-impulse-sdk\tensorflow\lite\micro\kernels\logical.cpp.o
Compiling .pio\build\esp32-s3-devkitc-1-n16r8v\lib168\ToFan-project-1_inferencing\edge-impulse-sdk\tensorflow\lite\micro\kernels\logical_common.cpp.o
Compiling .pio\build\esp32-s3-devkitc-1-n16r8v\lib168\ToFan-project-1_inferencing\edge-impulse-sdk\tensorflow\lite\micro\kernels\logistic.cpp.o
Compiling .pio\build\esp32-s3-devkitc-1-n16r8v\lib168\ToFan-project-1_inferencing\edge-impulse-sdk\tensorflow\lite\micro\kernels\logistic_common.cpp.o
Compiling .pio\build\esp32-s3-devkitc-1-n16r8v\lib168\ToFan-project-1_inferencing\edge-impulse-sdk\tensorflow\lite\micro\kernels\lstm_eval.cpp.o
Compiling .pio\build\esp32-s3-devkitc-1-n16r8v\lib168\ToFan-project-1_inferencing\edge-impulse-sdk\tensorflow\lite\micro\kernels\maximum_minimum.cpp.o
Compiling .pio\build\esp32-s3-devkitc-1-n16r8v\lib168\ToFan-project-1_inferencing\edge-impulse-sdk\tensorflow\lite\micro\kernels\micro_tensor_utils.cpp.o
Compiling .pio\build\esp32-s3-devkitc-1-n16r8v\lib168\ToFan-project-1_inferencing\edge-impulse-sdk\tensorflow\lite\micro\kernels\mirror_pad.cpp.o
Compiling .pio\build\esp32-s3-devkitc-1-n16r8v\lib168\ToFan-project-1_inferencing\edge-impulse-sdk\tensorflow\lite\micro\kernels\mli_interface.cpp.o
Compiling .pio\build\esp32-s3-devkitc-1-n16r8v\lib168\ToFan-project-1_inferencing\edge-impulse-sdk\tensorflow\lite\micro\kernels\mli_slicers.cpp.o
Compiling .pio\build\esp32-s3-devkitc-1-n16r8v\lib168\ToFan-project-1_inferencing\edge-impulse-sdk\tensorflow\lite\micro\kernels\mul.cpp.o
Compiling .pio\build\esp32-s3-devkitc-1-n16r8v\lib168\ToFan-project-1_inferencing\edge-impulse-sdk\tensorflow\lite\micro\kernels\mul_common.cpp.o
Compiling .pio\build\esp32-s3-devkitc-1-n16r8v\lib168\ToFan-project-1_inferencing\edge-impulse-sdk\tensorflow\lite\micro\kernels\neg.cpp.o
Compiling .pio\build\esp32-s3-devkitc-1-n16r8v\lib168\ToFan-project-1_inferencing\edge-impulse-sdk\tensorflow\lite\micro\kernels\pack.cpp.o
Compiling .pio\build\esp32-s3-devkitc-1-n16r8v\lib168\ToFan-project-1_inferencing\edge-impulse-sdk\tensorflow\lite\micro\kernels\pad.cpp.o
Compiling .pio\build\esp32-s3-devkitc-1-n16r8v\lib168\ToFan-project-1_inferencing\edge-impulse-sdk\tensorflow\lite\micro\kernels\pooling.cpp.o
Compiling .pio\build\esp32-s3-devkitc-1-n16r8v\lib168\ToFan-project-1_inferencing\edge-impulse-sdk\tensorflow\lite\micro\kernels\pooling_common.cpp.o
Compiling .pio\build\esp32-s3-devkitc-1-n16r8v\lib168\ToFan-project-1_inferencing\edge-impulse-sdk\tensorflow\lite\micro\kernels\prelu.cpp.o
Compiling .pio\build\esp32-s3-devkitc-1-n16r8v\lib168\ToFan-project-1_inferencing\edge-impulse-sdk\tensorflow\lite\micro\kernels\prelu_common.cpp.o
Compiling .pio\build\esp32-s3-devkitc-1-n16r8v\lib168\ToFan-project-1_inferencing\edge-impulse-sdk\tensorflow\lite\micro\kernels\quantize.cpp.o
Compiling .pio\build\esp32-s3-devkitc-1-n16r8v\lib168\ToFan-project-1_inferencing\edge-impulse-sdk\tensorflow\lite\micro\kernels\quantize_common.cpp.o
Compiling .pio\build\esp32-s3-devkitc-1-n16r8v\lib168\ToFan-project-1_inferencing\edge-impulse-sdk\tensorflow\lite\micro\kernels\read_variable.cpp.o
Compiling .pio\build\esp32-s3-devkitc-1-n16r8v\lib168\ToFan-project-1_inferencing\edge-impulse-sdk\tensorflow\lite\micro\kernels\real.cpp.o
Compiling .pio\build\esp32-s3-devkitc-1-n16r8v\lib168\ToFan-project-1_inferencing\edge-impulse-sdk\tensorflow\lite\micro\kernels\reduce.cpp.o
Compiling .pio\build\esp32-s3-devkitc-1-n16r8v\lib168\ToFan-project-1_inferencing\edge-impulse-sdk\tensorflow\lite\micro\kernels\reduce_common.cpp.o
Compiling .pio\build\esp32-s3-devkitc-1-n16r8v\lib168\ToFan-project-1_inferencing\edge-impulse-sdk\tensorflow\lite\micro\kernels\reshape.cpp.o
Compiling .pio\build\esp32-s3-devkitc-1-n16r8v\lib168\ToFan-project-1_inferencing\edge-impulse-sdk\tensorflow\lite\micro\kernels\resize_bilinear.cpp.o
Compiling .pio\build\esp32-s3-devkitc-1-n16r8v\lib168\ToFan-project-1_inferencing\edge-impulse-sdk\tensorflow\lite\micro\kernels\resize_nearest_neighbor.cpp.o
Compiling .pio\build\esp32-s3-devkitc-1-n16r8v\lib168\ToFan-project-1_inferencing\edge-impulse-sdk\tensorflow\lite\micro\kernels\rfft2d.cpp.o
Compiling .pio\build\esp32-s3-devkitc-1-n16r8v\lib168\ToFan-project-1_inferencing\edge-impulse-sdk\tensorflow\lite\micro\kernels\round.cpp.o
Compiling .pio\build\esp32-s3-devkitc-1-n16r8v\lib168\ToFan-project-1_inferencing\edge-impulse-sdk\tensorflow\lite\micro\kernels\scatter_nd.cpp.o
Compiling .pio\build\esp32-s3-devkitc-1-n16r8v\lib168\ToFan-project-1_inferencing\edge-impulse-sdk\tensorflow\lite\micro\kernels\scratch_buf_mgr.cpp.o
Compiling .pio\build\esp32-s3-devkitc-1-n16r8v\lib168\ToFan-project-1_inferencing\edge-impulse-sdk\tensorflow\lite\micro\kernels\scratch_buffers.cpp.o
Compiling .pio\build\esp32-s3-devkitc-1-n16r8v\lib168\ToFan-project-1_inferencing\edge-impulse-sdk\tensorflow\lite\micro\kernels\select.cpp.o
Compiling .pio\build\esp32-s3-devkitc-1-n16r8v\lib168\ToFan-project-1_inferencing\edge-impulse-sdk\tensorflow\lite\micro\kernels\shape.cpp.o
Compiling .pio\build\esp32-s3-devkitc-1-n16r8v\lib168\ToFan-project-1_inferencing\edge-impulse-sdk\tensorflow\lite\micro\kernels\slice.cpp.o
Compiling .pio\build\esp32-s3-devkitc-1-n16r8v\lib168\ToFan-project-1_inferencing\edge-impulse-sdk\tensorflow\lite\micro\kernels\softmax.cpp.o
Compiling .pio\build\esp32-s3-devkitc-1-n16r8v\lib168\ToFan-project-1_inferencing\edge-impulse-sdk\tensorflow\lite\micro\kernels\softmax_common.cpp.o
Compiling .pio\build\esp32-s3-devkitc-1-n16r8v\lib168\ToFan-project-1_inferencing\edge-impulse-sdk\tensorflow\lite\micro\kernels\space_to_batch_nd.cpp.o
In file included from .pio/libdeps/esp32-s3-devkitc-1-n16r8v/ToFan-project-1_inferencing/src/edge-impulse-sdk/dsp/kissfft/kiss_fft.h:16,
                 from .pio/libdeps/esp32-s3-devkitc-1-n16r8v/ToFan-project-1_inferencing/src/edge-impulse-sdk/dsp/kissfft/kiss_fftr.h:12,
                 from .pio/libdeps/esp32-s3-devkitc-1-n16r8v/ToFan-project-1_inferencing/src/edge-impulse-sdk/tensorflow/lite/micro/kernels/rfft2d.cpp:30:
.pio/libdeps/esp32-s3-devkitc-1-n16r8v/ToFan-project-1_inferencing/src/edge-impulse-sdk/dsp/kissfft/../../porting/ei_classifier_porting.h:310: warning: 
"EI_PORTING_ARDUINO" redefined
 #define EI_PORTING_ARDUINO        0
 
In file included from .pio/libdeps/esp32-s3-devkitc-1-n16r8v/ToFan-project-1_inferencing/src/edge-impulse-sdk/dsp/kissfft/kiss_fft.h:16,
                 from .pio/libdeps/esp32-s3-devkitc-1-n16r8v/ToFan-project-1_inferencing/src/edge-impulse-sdk/dsp/kissfft/kiss_fftr.h:12,
                 from .pio/libdeps/esp32-s3-devkitc-1-n16r8v/ToFan-project-1_inferencing/src/edge-impulse-sdk/tensorflow/lite/micro/kernels/rfft2d.cpp:30:
.pio/libdeps/esp32-s3-devkitc-1-n16r8v/ToFan-project-1_inferencing/src/edge-impulse-sdk/dsp/kissfft/../../porting/ei_classifier_porting.h:279: note: this is 
the location of the previous definition
 #define EI_PORTING_ARDUINO      1
 
Compiling .pio\build\esp32-s3-devkitc-1-n16r8v\lib168\ToFan-project-1_inferencing\edge-impulse-sdk\tensorflow\lite\micro\kernels\space_to_depth.cpp.o
Compiling .pio\build\esp32-s3-devkitc-1-n16r8v\lib168\ToFan-project-1_inferencing\edge-impulse-sdk\tensorflow\lite\micro\kernels\split.cpp.o
Compiling .pio\build\esp32-s3-devkitc-1-n16r8v\lib168\ToFan-project-1_inferencing\edge-impulse-sdk\tensorflow\lite\micro\kernels\split_v.cpp.o
Compiling .pio\build\esp32-s3-devkitc-1-n16r8v\lib168\ToFan-project-1_inferencing\edge-impulse-sdk\tensorflow\lite\micro\kernels\squared_difference.cpp.o
Compiling .pio\build\esp32-s3-devkitc-1-n16r8v\lib168\ToFan-project-1_inferencing\edge-impulse-sdk\tensorflow\lite\micro\kernels\squeeze.cpp.o
Compiling .pio\build\esp32-s3-devkitc-1-n16r8v\lib168\ToFan-project-1_inferencing\edge-impulse-sdk\tensorflow\lite\micro\kernels\strided_slice.cpp.o
Compiling .pio\build\esp32-s3-devkitc-1-n16r8v\lib168\ToFan-project-1_inferencing\edge-impulse-sdk\tensorflow\lite\micro\kernels\sub.cpp.o
Compiling .pio\build\esp32-s3-devkitc-1-n16r8v\lib168\ToFan-project-1_inferencing\edge-impulse-sdk\tensorflow\lite\micro\kernels\sub_common.cpp.o
Compiling .pio\build\esp32-s3-devkitc-1-n16r8v\lib168\ToFan-project-1_inferencing\edge-impulse-sdk\tensorflow\lite\micro\kernels\svdf.cpp.o
Compiling .pio\build\esp32-s3-devkitc-1-n16r8v\lib168\ToFan-project-1_inferencing\edge-impulse-sdk\tensorflow\lite\micro\kernels\svdf_common.cpp.o
Compiling .pio\build\esp32-s3-devkitc-1-n16r8v\lib168\ToFan-project-1_inferencing\edge-impulse-sdk\tensorflow\lite\micro\kernels\tanh.cpp.o
Compiling .pio\build\esp32-s3-devkitc-1-n16r8v\lib168\ToFan-project-1_inferencing\edge-impulse-sdk\tensorflow\lite\micro\kernels\tile.cpp.o
Compiling .pio\build\esp32-s3-devkitc-1-n16r8v\lib168\ToFan-project-1_inferencing\edge-impulse-sdk\tensorflow\lite\micro\kernels\topk_v2.cpp.o
Compiling .pio\build\esp32-s3-devkitc-1-n16r8v\lib168\ToFan-project-1_inferencing\edge-impulse-sdk\tensorflow\lite\micro\kernels\transpose.cpp.o
Compiling .pio\build\esp32-s3-devkitc-1-n16r8v\lib168\ToFan-project-1_inferencing\edge-impulse-sdk\tensorflow\lite\micro\kernels\transpose_conv.cpp.o
Compiling .pio\build\esp32-s3-devkitc-1-n16r8v\lib168\ToFan-project-1_inferencing\edge-impulse-sdk\tensorflow\lite\micro\kernels\tree_ensemble_classifier.cpp.o
Compiling .pio\build\esp32-s3-devkitc-1-n16r8v\lib168\ToFan-project-1_inferencing\edge-impulse-sdk\tensorflow\lite\micro\kernels\unidirectional_sequence_lstm.cpp.o
Compiling .pio\build\esp32-s3-devkitc-1-n16r8v\lib168\ToFan-project-1_inferencing\edge-impulse-sdk\tensorflow\lite\micro\kernels\unpack.cpp.o
Compiling .pio\build\esp32-s3-devkitc-1-n16r8v\lib168\ToFan-project-1_inferencing\edge-impulse-sdk\tensorflow\lite\micro\kernels\var_handle.cpp.o
Compiling .pio\build\esp32-s3-devkitc-1-n16r8v\lib168\ToFan-project-1_inferencing\edge-impulse-sdk\tensorflow\lite\micro\kernels\while.cpp.o
Compiling .pio\build\esp32-s3-devkitc-1-n16r8v\lib168\ToFan-project-1_inferencing\edge-impulse-sdk\tensorflow\lite\micro\kernels\zeros_like.cpp.o
Compiling .pio\build\esp32-s3-devkitc-1-n16r8v\lib168\ToFan-project-1_inferencing\edge-impulse-sdk\tensorflow\lite\micro\memory_helpers.cpp.o
Compiling .pio\build\esp32-s3-devkitc-1-n16r8v\lib168\ToFan-project-1_inferencing\edge-impulse-sdk\tensorflow\lite\micro\memory_planner\greedy_memory_planner.cpp.o
Compiling .pio\build\esp32-s3-devkitc-1-n16r8v\lib168\ToFan-project-1_inferencing\edge-impulse-sdk\tensorflow\lite\micro\memory_planner\linear_memory_planner.cpp.o
Compiling .pio\build\esp32-s3-devkitc-1-n16r8v\lib168\ToFan-project-1_inferencing\edge-impulse-sdk\tensorflow\lite\micro\memory_planner\non_persistent_buffer_planner_shim.cpp.o
Compiling .pio\build\esp32-s3-devkitc-1-n16r8v\lib168\ToFan-project-1_inferencing\edge-impulse-sdk\tensorflow\lite\micro\micro_allocation_info.cpp.o
Compiling .pio\build\esp32-s3-devkitc-1-n16r8v\lib168\ToFan-project-1_inferencing\edge-impulse-sdk\tensorflow\lite\micro\micro_allocator.cpp.o
Compiling .pio\build\esp32-s3-devkitc-1-n16r8v\lib168\ToFan-project-1_inferencing\edge-impulse-sdk\tensorflow\lite\micro\micro_context.cpp.o
Compiling .pio\build\esp32-s3-devkitc-1-n16r8v\lib168\ToFan-project-1_inferencing\edge-impulse-sdk\tensorflow\lite\micro\micro_error_reporter.cpp.o
Compiling .pio\build\esp32-s3-devkitc-1-n16r8v\lib168\ToFan-project-1_inferencing\edge-impulse-sdk\tensorflow\lite\micro\micro_graph.cpp.o
Compiling .pio\build\esp32-s3-devkitc-1-n16r8v\lib168\ToFan-project-1_inferencing\edge-impulse-sdk\tensorflow\lite\micro\micro_interpreter.cpp.o
Compiling .pio\build\esp32-s3-devkitc-1-n16r8v\lib168\ToFan-project-1_inferencing\edge-impulse-sdk\tensorflow\lite\micro\micro_log.cpp.o
Compiling .pio\build\esp32-s3-devkitc-1-n16r8v\lib168\ToFan-project-1_inferencing\edge-impulse-sdk\tensorflow\lite\micro\micro_profiler.cpp.o
Compiling .pio\build\esp32-s3-devkitc-1-n16r8v\lib168\ToFan-project-1_inferencing\edge-impulse-sdk\tensorflow\lite\micro\micro_resource_variable.cpp.o
Compiling .pio\build\esp32-s3-devkitc-1-n16r8v\lib168\ToFan-project-1_inferencing\edge-impulse-sdk\tensorflow\lite\micro\micro_string.cpp.o
Compiling .pio\build\esp32-s3-devkitc-1-n16r8v\lib168\ToFan-project-1_inferencing\edge-impulse-sdk\tensorflow\lite\micro\micro_time.cpp.o
Compiling .pio\build\esp32-s3-devkitc-1-n16r8v\lib168\ToFan-project-1_inferencing\edge-impulse-sdk\tensorflow\lite\micro\micro_utils.cpp.o
Compiling .pio\build\esp32-s3-devkitc-1-n16r8v\lib168\ToFan-project-1_inferencing\edge-impulse-sdk\tensorflow\lite\micro\mock_micro_graph.cpp.o
Compiling .pio\build\esp32-s3-devkitc-1-n16r8v\lib168\ToFan-project-1_inferencing\edge-impulse-sdk\tensorflow\lite\micro\non_persistent_arena_buffer_allocator.cpp.o
In file included from .pio/libdeps/esp32-s3-devkitc-1-n16r8v/ToFan-project-1_inferencing/src/edge-impulse-sdk/tensorflow/lite/micro/micro_time.cpp:32:
.pio/libdeps/esp32-s3-devkitc-1-n16r8v/ToFan-project-1_inferencing/src/edge-impulse-sdk/porting/ei_classifier_porting.h:310: warning: "EI_PORTING_ARDUINO" 
redefined
 #define EI_PORTING_ARDUINO        0
 
In file included from .pio/libdeps/esp32-s3-devkitc-1-n16r8v/ToFan-project-1_inferencing/src/edge-impulse-sdk/tensorflow/lite/micro/micro_time.cpp:32:
.pio/libdeps/esp32-s3-devkitc-1-n16r8v/ToFan-project-1_inferencing/src/edge-impulse-sdk/porting/ei_classifier_porting.h:279: note: this is the location of 
the previous definition
 #define EI_PORTING_ARDUINO      1
 
Compiling .pio\build\esp32-s3-devkitc-1-n16r8v\lib168\ToFan-project-1_inferencing\edge-impulse-sdk\tensorflow\lite\micro\op_resolver_bridge.cpp.o
Compiling .pio\build\esp32-s3-devkitc-1-n16r8v\lib168\ToFan-project-1_inferencing\edge-impulse-sdk\tensorflow\lite\micro\persistent_arena_buffer_allocator.cpp.o
Compiling .pio\build\esp32-s3-devkitc-1-n16r8v\lib168\ToFan-project-1_inferencing\edge-impulse-sdk\tensorflow\lite\micro\recording_micro_allocator.cpp.o
Compiling .pio\build\esp32-s3-devkitc-1-n16r8v\lib168\ToFan-project-1_inferencing\edge-impulse-sdk\tensorflow\lite\micro\recording_single_arena_buffer_allocator.cpp.o
Compiling .pio\build\esp32-s3-devkitc-1-n16r8v\lib168\ToFan-project-1_inferencing\edge-impulse-sdk\tensorflow\lite\micro\schema_utils.cpp.o
Compiling .pio\build\esp32-s3-devkitc-1-n16r8v\lib168\ToFan-project-1_inferencing\edge-impulse-sdk\tensorflow\lite\micro\single_arena_buffer_allocator.cpp.o
Compiling .pio\build\esp32-s3-devkitc-1-n16r8v\lib168\ToFan-project-1_inferencing\edge-impulse-sdk\tensorflow\lite\micro\system_setup.cpp.o
Compiling .pio\build\esp32-s3-devkitc-1-n16r8v\lib168\ToFan-project-1_inferencing\edge-impulse-sdk\tensorflow\lite\micro\test_helper_custom_ops.cpp.o
Compiling .pio\build\esp32-s3-devkitc-1-n16r8v\lib168\ToFan-project-1_inferencing\edge-impulse-sdk\tensorflow\lite\micro\test_helpers.cpp.o
Compiling .pio\build\esp32-s3-devkitc-1-n16r8v\lib168\ToFan-project-1_inferencing\tflite-model\tflite_learn_982683_7_compiled.cpp.o
Compiling .pio\build\esp32-s3-devkitc-1-n16r8v\lib2e6\Preferences\Preferences.cpp.o
Compiling .pio\build\esp32-s3-devkitc-1-n16r8v\libe4c\DNSServer\DNSServer.cpp.o
Compiling .pio\build\esp32-s3-devkitc-1-n16r8v\lib4e2\ESPmDNS\ESPmDNS.cpp.o
In file included from .pio/libdeps/esp32-s3-devkitc-1-n16r8v/ToFan-project-1_inferencing/src/tflite-model/tflite_learn_982683_7_compiled.cpp:38:
.pio/libdeps/esp32-s3-devkitc-1-n16r8v/ToFan-project-1_inferencing/src/edge-impulse-sdk/porting/ei_classifier_porting.h:310: warning: "EI_PORTING_ARDUINO" 
redefined
 #define EI_PORTING_ARDUINO        0
 
In file included from .pio/libdeps/esp32-s3-devkitc-1-n16r8v/ToFan-project-1_inferencing/src/tflite-model/tflite_learn_982683_7_compiled.cpp:38:
.pio/libdeps/esp32-s3-devkitc-1-n16r8v/ToFan-project-1_inferencing/src/edge-impulse-sdk/porting/ei_classifier_porting.h:279: note: this is the location of 
the previous definition
 #define EI_PORTING_ARDUINO      1
 
Compiling .pio\build\esp32-s3-devkitc-1-n16r8v\libc95\Update\HttpsOTAUpdate.cpp.o
Compiling .pio\build\esp32-s3-devkitc-1-n16r8v\libc95\Update\Updater.cpp.o
Compiling .pio\build\esp32-s3-devkitc-1-n16r8v\FrameworkArduino\Esp.cpp.o
Compiling .pio\build\esp32-s3-devkitc-1-n16r8v\FrameworkArduino\FirmwareMSC.cpp.o
Compiling .pio\build\esp32-s3-devkitc-1-n16r8v\FrameworkArduino\FunctionalInterrupt.cpp.o
Archiving .pio\build\esp32-s3-devkitc-1-n16r8v\lib2e6\libPreferences.a
Compiling .pio\build\esp32-s3-devkitc-1-n16r8v\FrameworkArduino\HWCDC.cpp.o
Indexing .pio\build\esp32-s3-devkitc-1-n16r8v\lib2e6\libPreferences.a
Compiling .pio\build\esp32-s3-devkitc-1-n16r8v\FrameworkArduino\HardwareSerial.cpp.o
Compiling .pio\build\esp32-s3-devkitc-1-n16r8v\FrameworkArduino\IPAddress.cpp.o
Compiling .pio\build\esp32-s3-devkitc-1-n16r8v\FrameworkArduino\IPv6Address.cpp.o
Archiving .pio\build\esp32-s3-devkitc-1-n16r8v\libe4c\libDNSServer.a
Compiling .pio\build\esp32-s3-devkitc-1-n16r8v\FrameworkArduino\MD5Builder.cpp.o
Compiling .pio\build\esp32-s3-devkitc-1-n16r8v\FrameworkArduino\Print.cpp.o
Indexing .pio\build\esp32-s3-devkitc-1-n16r8v\libe4c\libDNSServer.a
Compiling .pio\build\esp32-s3-devkitc-1-n16r8v\FrameworkArduino\Stream.cpp.o
Compiling .pio\build\esp32-s3-devkitc-1-n16r8v\FrameworkArduino\StreamString.cpp.o
Archiving .pio\build\esp32-s3-devkitc-1-n16r8v\lib4e2\libESPmDNS.a
Indexing .pio\build\esp32-s3-devkitc-1-n16r8v\lib4e2\libESPmDNS.a
Compiling .pio\build\esp32-s3-devkitc-1-n16r8v\FrameworkArduino\Tone.cpp.o
Compiling .pio\build\esp32-s3-devkitc-1-n16r8v\FrameworkArduino\USB.cpp.o
Archiving .pio\build\esp32-s3-devkitc-1-n16r8v\libc95\libUpdate.a
Compiling .pio\build\esp32-s3-devkitc-1-n16r8v\FrameworkArduino\USBCDC.cpp.o
Compiling .pio\build\esp32-s3-devkitc-1-n16r8v\FrameworkArduino\USBMSC.cpp.o
Compiling .pio\build\esp32-s3-devkitc-1-n16r8v\FrameworkArduino\WMath.cpp.o
Indexing .pio\build\esp32-s3-devkitc-1-n16r8v\libc95\libUpdate.a
Compiling .pio\build\esp32-s3-devkitc-1-n16r8v\FrameworkArduino\WString.cpp.o
Compiling .pio\build\esp32-s3-devkitc-1-n16r8v\FrameworkArduino\base64.cpp.o
Compiling .pio\build\esp32-s3-devkitc-1-n16r8v\FrameworkArduino\cbuf.cpp.o
Compiling .pio\build\esp32-s3-devkitc-1-n16r8v\FrameworkArduino\esp32-hal-adc.c.o
Compiling .pio\build\esp32-s3-devkitc-1-n16r8v\FrameworkArduino\esp32-hal-bt.c.o
Compiling .pio\build\esp32-s3-devkitc-1-n16r8v\FrameworkArduino\esp32-hal-cpu.c.o
Compiling .pio\build\esp32-s3-devkitc-1-n16r8v\FrameworkArduino\esp32-hal-dac.c.o
Compiling .pio\build\esp32-s3-devkitc-1-n16r8v\FrameworkArduino\esp32-hal-gpio.c.o
Compiling .pio\build\esp32-s3-devkitc-1-n16r8v\FrameworkArduino\esp32-hal-i2c-slave.c.o
Compiling .pio\build\esp32-s3-devkitc-1-n16r8v\FrameworkArduino\esp32-hal-i2c.c.o
Compiling .pio\build\esp32-s3-devkitc-1-n16r8v\FrameworkArduino\esp32-hal-ledc.c.o
Compiling .pio\build\esp32-s3-devkitc-1-n16r8v\FrameworkArduino\esp32-hal-matrix.c.o
Compiling .pio\build\esp32-s3-devkitc-1-n16r8v\FrameworkArduino\esp32-hal-misc.c.o
Compiling .pio\build\esp32-s3-devkitc-1-n16r8v\FrameworkArduino\esp32-hal-psram.c.o
Compiling .pio\build\esp32-s3-devkitc-1-n16r8v\FrameworkArduino\esp32-hal-rgb-led.c.o
Compiling .pio\build\esp32-s3-devkitc-1-n16r8v\FrameworkArduino\esp32-hal-rmt.c.o
Compiling .pio\build\esp32-s3-devkitc-1-n16r8v\FrameworkArduino\esp32-hal-sigmadelta.c.o
Compiling .pio\build\esp32-s3-devkitc-1-n16r8v\FrameworkArduino\esp32-hal-spi.c.o
Compiling .pio\build\esp32-s3-devkitc-1-n16r8v\FrameworkArduino\esp32-hal-time.c.o
Compiling .pio\build\esp32-s3-devkitc-1-n16r8v\FrameworkArduino\esp32-hal-timer.c.o
Compiling .pio\build\esp32-s3-devkitc-1-n16r8v\FrameworkArduino\esp32-hal-tinyusb.c.o
Compiling .pio\build\esp32-s3-devkitc-1-n16r8v\FrameworkArduino\esp32-hal-touch.c.o
Compiling .pio\build\esp32-s3-devkitc-1-n16r8v\FrameworkArduino\esp32-hal-uart.c.o
Compiling .pio\build\esp32-s3-devkitc-1-n16r8v\FrameworkArduino\firmware_msc_fat.c.o
Compiling .pio\build\esp32-s3-devkitc-1-n16r8v\FrameworkArduino\libb64\cdecode.c.o
Compiling .pio\build\esp32-s3-devkitc-1-n16r8v\FrameworkArduino\libb64\cencode.c.o
Compiling .pio\build\esp32-s3-devkitc-1-n16r8v\FrameworkArduino\main.cpp.o
Compiling .pio\build\esp32-s3-devkitc-1-n16r8v\FrameworkArduino\stdlib_noniso.c.o
Compiling .pio\build\esp32-s3-devkitc-1-n16r8v\FrameworkArduino\wiring_pulse.c.o
Compiling .pio\build\esp32-s3-devkitc-1-n16r8v\FrameworkArduino\wiring_shift.c.o
Archiving .pio\build\esp32-s3-devkitc-1-n16r8v\lib168\libToFan-project-1_inferencing.a
Archiving .pio\build\esp32-s3-devkitc-1-n16r8v\libFrameworkArduino.a
Indexing .pio\build\esp32-s3-devkitc-1-n16r8v\libFrameworkArduino.a
Indexing .pio\build\esp32-s3-devkitc-1-n16r8v\lib168\libToFan-project-1_inferencing.a
Linking .pio\build\esp32-s3-devkitc-1-n16r8v\firmware.elf
Retrieving maximum program size .pio\build\esp32-s3-devkitc-1-n16r8v\firmware.elf
Checking size .pio\build\esp32-s3-devkitc-1-n16r8v\firmware.elf
Advanced Memory Usage is available via "PlatformIO Home > Project Inspect"
RAM:   [===       ]  30.3% (used 99136 bytes from 327680 bytes)
Flash: [===       ]  29.1% (used 1524761 bytes from 5242880 bytes)
Building .pio\build\esp32-s3-devkitc-1-n16r8v\firmware.bin with action:
  "$PYTHONEXE" "$OBJCOPY" --chip esp32s3 elf2image --flash_mode ${__get_board_flash_mode(__env__)} --flash_freq ${__get_board_f_image(__env__)} --flash_size 16MB --elf-sha256-offset 0xb0 -o $TARGET $SOURCES
Building .pio\build\esp32-s3-devkitc-1-n16r8v\firmware.bin
esptool.py v4.11.0
Creating esp32s3 image...
Merged 2 ELF sections
Successfully created esp32s3 image.
======================== [SUCCESS] Took 254.94 seconds ========================
